"Gene","Entrez_ID","PMID_Count","Supporting_PMIDs","Phenotype","Source"
"TP53","7157",44,"15878142;19092773;19214744;20482849;21347779;21875255;22065914;22880004;22941188;23000897;23091298;23171949;23700467;24670651;25275298;25278450;25551281;25631445;25719666;25979483;26099527;28198679;28235956;28638988;29126202;29360550;29408647;31395065;31991614;32857918;33319857;33419800;33731882;34167951;34302033;35079034;35180847;35545680;35550340;35681111;35702826;36804482;39126824;40038097","cancer","PubMed+PubTator3"
"BRCA1","672;449497",25,"12100744;14987381;16438707;18679828;18694767;19092773;19214744;20352487;21875255;22684231;23787073;24312913;25719666;27135926;27386569;29360550;32629901;32920123;34146199;35226219;35396271;35681111;36804482;38098088;39126824","cancer","PubMed+PubTator3"
"BRCA2","675",25,"12100744;14987381;18694767;19092773;19214744;20352487;21875255;22684231;23171949;24312913;25719666;27135926;29126202;29360550;29566657;31174203;32629901;32920123;34146199;35226219;35396271;35681111;36804482;38098088;39126824","cancer","PubMed+PubTator3"
"KRAS","3845",19,"21347779;22980976;23171949;23700467;24793120;25278450;25487540;27628192;28339086;28986391;29360550;32374727;33319857;34041865;34302033;35180847;35550340;36116415;39799269","cancer","PubMed+PubTator3"
"PTEN","5728",15,"19092773;21169372;22300766;22941188;23171949;23695551;25275298;27628192;28039579;28188128;28339086;32374727;35226219;36108240;36804482","cancer","PubMed+PubTator3"
"p53","7157;22059",14,"10101803;15355915;22321013;22880004;26168291;27461342;27671336;28177904;30232418;33419800;35079034;35545680;8945609;9575425","cancer","PubMed+PubTator3"
"PIK3CA","5290",13,"23000897;24670651;25275298;25631445;25719666;27628192;28039579;30728399;31099622;31395065;32079541;34041865;35681111","cancer","PubMed+PubTator3"
"EGFR","1956",12,"16857815;23000897;28223168;30728399;32374727;33419800;34167951;35550340;35702826;36240473;39126824;41168822","cancer","PubMed+PubTator3"
"MYC","4609",12,"22300766;23091298;23925245;25581428;25819079;25934800;26743005;28683746;28719033;28886127;28986391;30446580","cancer","PubMed+PubTator3"
"ERBB2","2064;13866",11,"23302999;25719666;28683746;28719033;30243646;30653567;30728399;34839022;38862995;39067134;39126824","cancer","PubMed+PubTator3"
"CDKN2A","1029",10,"21895773;22174824;22300766;24670651;25631445;25719666;26099527;33419800;34302033;35180847","cancer","PubMed+PubTator3"
"HER2","2064",10,"20528234;23000897;23884293;27341628;30653567;31099622;32616754;36240473;38400758;40264034","cancer","PubMed+PubTator3"
"TERT","7015",10,"25261935;25934800;26099527;28235956;28638988;28854983;30912334;34302033;35033028;36433963","cancer","PubMed+PubTator3"
"APC","324",9,"17920230;18063416;21347779;23700467;25979483;28039579;34041865;35550340;36812239","cancer","PubMed+PubTator3"
"ARID1A","8289",9,"23091298;25551281;25719666;26099527;29360550;29408647;31395065;33319857;35226219","cancer","PubMed+PubTator3"
"BRAF","673",9,"21430775;23171949;27628192;28235956;30912334;32812852;35180847;35702826;36433963","cancer","PubMed+PubTator3"
"BRCA","672",9,"12100744;18694767;20352487;22684231;24312913;29566657;32920123;33239644;35226219","cancer","PubMed+PubTator3"
"estrogen receptor","2099",8,"20482849;21493669;21875255;23171949;26618344;26906743;26972162;27386569","cancer","PubMed+PubTator3"
"BRCA1/2","672;675",7,"22684231;29777908;31099622;31264434;32629901;35226219;35681111","cancer","PubMed+PubTator3"
"CASP8","841",7,"19214744;25275298;25631445;28339086;34167951;40241087;41713536","cancer","PubMed+PubTator3"
"mTOR","2475",7,"23171949;25275298;25979769;28339086;29174369;29695767;31264434","cancer","PubMed+PubTator3"
"AKT","207",6,"23171949;27455841;27628192;34308964;34326374;41310897","cancer","PubMed+PubTator3"
"ER","2099;2069",6,"20482849;20528234;26618344;26972162;27386569;38697998","cancer","PubMed+PubTator3"
"MET","79811",6,"23038766;25719666;32812852;33638948;35180847;39126824","cancer","PubMed+PubTator3"
"MLH1","4292",6,"21347779;24448331;28195176;29360550;32641106;36804482","cancer","PubMed+PubTator3"
"NF1","4763",6,"19092773;22300766;23171949;29360550;33419800;35702826","cancer","PubMed+PubTator3"
"RB1","5925",6,"22237022;22941188;23171949;24670651;36108240;36804482","cancer","PubMed+PubTator3"
"SMAD4","4089",6,"21347779;25275298;25719666;29360550;34041865;35180847","cancer","PubMed+PubTator3"
"TGF-beta","7040",6,"21398405;25275298;30334361;30664627;31684858;34238352","cancer","PubMed+PubTator3"
"AURKA","6790",5,"22174824;23787073;32079541;33731882;36116415","cancer","PubMed+PubTator3"
"EP300","2033",5,"22941188;24670651;25275298;33319857;39878408","cancer","PubMed+PubTator3"
"FGFR2","2263",5,"19092773;23884293;28223168;29936137;32812852","cancer","PubMed+PubTator3"
"PALB2","79728",5,"19092773;25719666;35226219;35396271;38098088","cancer","PubMed+PubTator3"
"VEGFA","7422",5,"26099527;28986391;29936137;32493953;34021172","cancer","PubMed+PubTator3"
"AP-1","3726;16476",4,"22665440;25539728;30523707;32493953","cancer","PubMed+PubTator3"
"CD44","960",4,"25579546;28223168;29936137;41415280","cancer","PubMed+PubTator3"
"CD8","925",4,"28694034;39324133;39623312;41067362","cancer","PubMed+PubTator3"
"CTCF","10664;13018",4,"27461342;32374727;34965383;37541187","cancer","PubMed+PubTator3"
"FGFR1","2260",4,"22941188;23171949;25719666;30728399","cancer","PubMed+PubTator3"
"HRAS","3265",4,"23171949;25275298;25631445;32812852","cancer","PubMed+PubTator3"
"KDM6A","7403",4,"23033341;23265383;25275298;25719666","cancer","PubMed+PubTator3"
"NOTCH1","4851",4,"24670651;25275298;25631445;32374727","cancer","PubMed+PubTator3"
"adenomatous polyposis coli","324",3,"17920230;18063416;35550340","cancer","PubMed+PubTator3"
"Akt","207",3,"25979769;26683690;41310897","cancer","PubMed+PubTator3"
"ALK","238",3,"20517688;22980976;39126824","cancer","PubMed+PubTator3"
"CCNE1","898",3,"22174824;22300766;23787073","cancer","PubMed+PubTator3"
"CHEK2","11200",3,"19092773;36804482;38400758","cancer","PubMed+PubTator3"
"COL1A2","1278",3,"20525369;34326374;36116415","cancer","PubMed+PubTator3"
"CTNNB1","1499",3,"26099527;29408647;36433963","cancer","PubMed+PubTator3"
"E2F1","1869;399489",3,"25631445;26178168;28302063","cancer","PubMed+PubTator3"
"epidermal growth factor receptor","1956",3,"16857815;33419800;41168822","cancer","PubMed+PubTator3"
"FAT1","2195",3,"25275298;25631445;34167951","cancer","PubMed+PubTator3"
"FN1","2335",3,"25579546;32616754;41415280","cancer","PubMed+PubTator3"
"FOXM1","2305",3,"22930530;23171949;26683690","cancer","PubMed+PubTator3"
"HLA","3105",3,"31345234;31450785;40936758","cancer","PubMed+PubTator3"
"HOXB13","10481",3,"26398868;26950096;31264434","cancer","PubMed+PubTator3"
"IDH1","3417",3,"28638988;29408647;41006377","cancer","PubMed+PubTator3"
"KEAP1","9817",3,"25278450;26099527;32374727","cancer","PubMed+PubTator3"
"KMT2D","8085",3,"24670651;33419800;34302033","cancer","PubMed+PubTator3"
"MEK","5609",3,"23033341;23171949;29695767","cancer","PubMed+PubTator3"
"MLL2","8085;9757",3,"24670651;25275298;26099527","cancer","PubMed+PubTator3"
"MLL3","58508",3,"23265383;24670651;25275298","cancer","PubMed+PubTator3"
"MSH2","4436",3,"24448331;29360550;36804482","cancer","PubMed+PubTator3"
"MSMB","4477",3,"22730461;38878676;41270069","cancer","PubMed+PubTator3"
"NFE2L2","4780",3,"24670651;25631445;34263978","cancer","PubMed+PubTator3"
"NQO1","1728",3,"11882782;19214744;26683690","cancer","PubMed+PubTator3"
"NRAS","4893",3,"27628192;28235956;32812852","cancer","PubMed+PubTator3"
"PAX5","5079",3,"17344859;22457049;28302063","cancer","PubMed+PubTator3"
"SOX4","6659",3,"30334361;31278746;41415280","cancer","PubMed+PubTator3"
"SPP1","6696",3,"34308964;41415280;41713536","cancer","PubMed+PubTator3"
"STK11","6794",3,"19092773;25278450;32374727","cancer","PubMed+PubTator3"
"TGFbeta","7040",3,"26972162;27671336;28683746","cancer","PubMed+PubTator3"
"TOP2A","7153",3,"20525369;23302999;32902196","cancer","PubMed+PubTator3"
"TSC1","7248",3,"23038766;26099527;28339086","cancer","PubMed+PubTator3"
"TSC2","7249",3,"23038766;26099527;36804482","cancer","PubMed+PubTator3"
"VHL","7428",3,"10567493;23038766;29126202","cancer","PubMed+PubTator3"
"ABO","28",2,"28634199;39002386","cancer","PubMed+PubTator3"
"androgen receptor","367",2,"22665440;26950096","cancer","PubMed+PubTator3"
"AR","367",2,"22665440;26950096","cancer","PubMed+PubTator3"
"ASCL1","429",2,"28742165;31782890","cancer","PubMed+PubTator3"
"ASH1L","55870",2,"23033341;24670651","cancer","PubMed+PubTator3"
"ATAD2","29028",2,"22174824;23033341","cancer","PubMed+PubTator3"
"ATR","545",2,"29360550;33909040","cancer","PubMed+PubTator3"
"BARD1","580",2,"20517688;23302999","cancer","PubMed+PubTator3"
"BCL2","596",2,"20164920;25934800","cancer","PubMed+PubTator3"
"beta-catenin","1499",2,"34965383;39799269","cancer","PubMed+PubTator3"
"BIRC5","332",2,"32902196;33186476","cancer","PubMed+PubTator3"
"BRD4","23476",2,"28986391;34341073","cancer","PubMed+PubTator3"
"BRIP1","83990",2,"19092773;32920123","cancer","PubMed+PubTator3"
"c-MYC","4609",2,"25979483;34019289","cancer","PubMed+PubTator3"
"CCNA2","890",2,"38845201;39324133","cancer","PubMed+PubTator3"
"CCND1","595",2,"28719033;29700001","cancer","PubMed+PubTator3"
"CDC27","852194;996",2,"23265383;33142748","cancer","PubMed+PubTator3"
"CDH1","999",2,"19092773;22034905","cancer","PubMed+PubTator3"
"CDH5","1003",2,"23171949;26683690","cancer","PubMed+PubTator3"
"CDK6","1021",2,"25719666;30446580","cancer","PubMed+PubTator3"
"CFTR","1080",2,"22980976;36812239","cancer","PubMed+PubTator3"
"COL3A1","1281",2,"33280513;36116415","cancer","PubMed+PubTator3"
"CREBBP","1387",2,"22941188;24670651","cancer","PubMed+PubTator3"
"CTLA4","1493;12477",2,"31174203;34774008","cancer","PubMed+PubTator3"
"CYP19","1588",2,"16322257;21875255","cancer","PubMed+PubTator3"
"CYP2D6","1565",2,"21875255;33419800","cancer","PubMed+PubTator3"
"DACH1","1602",2,"22980976;26683690","cancer","PubMed+PubTator3"
"epithelial cell adhesion molecule","4072",2,"25411184;33135729","cancer","PubMed+PubTator3"
"ERalpha","2099",2,"26906743;28886127","cancer","PubMed+PubTator3"
"ErbB","1956",2,"23700467;28339086","cancer","PubMed+PubTator3"
"ERBB","1956",2,"28333948;34167951","cancer","PubMed+PubTator3"
"ESR1","2099",2,"30728399;32374727","cancer","PubMed+PubTator3"
"extracellular matrix (ECM)","22915",2,"28177904;30289875","cancer","PubMed+PubTator3"
"EZH2","2146",2,"27461342;35725412","cancer","PubMed+PubTator3"
"FENDRR","400550",2,"26642714;28182363","cancer","PubMed+PubTator3"
"FGFR3","2261",2,"31264434;32988402","cancer","PubMed+PubTator3"
"Fos","2353;14281",2,"24423449;25539728","cancer","PubMed+PubTator3"
"FOS","2353",2,"26110572;32616754","cancer","PubMed+PubTator3"
"FOXA1","3169",2,"22665440;26950096","cancer","PubMed+PubTator3"
"IL-6","3569;16193",2,"21493669;25539728","cancer","PubMed+PubTator3"
"INHBA","3624",2,"21132402;39002386","cancer","PubMed+PubTator3"
"IRF4","3662",2,"34293285;39910817","cancer","PubMed+PubTator3"
"IRS1","3667",2,"32812852;34167951","cancer","PubMed+PubTator3"
"ITGB1","3688",2,"34326374;36116415","cancer","PubMed+PubTator3"
"Kras","16653;3845",2,"26168291;41713536","cancer","PubMed+PubTator3"
"LAMC1","3915",2,"40447568;40775447","cancer","PubMed+PubTator3"
"LPP","4026",2,"32857918;35725412","cancer","PubMed+PubTator3"
"LRP1B","53353",2,"23171949;25581428","cancer","PubMed+PubTator3"
"MAP3K1","4214",2,"19092773;23000897","cancer","PubMed+PubTator3"
"MCL1","4170",2,"20164920;23091298","cancer","PubMed+PubTator3"
"MECOM","2122",2,"26234679;36194576","cancer","PubMed+PubTator3"
"MIF","4282",2,"41168822;41713536","cancer","PubMed+PubTator3"
"MITF","4286",2,"16869735;23038766","cancer","PubMed+PubTator3"
"MSH6","2956",2,"24448331;36804482","cancer","PubMed+PubTator3"
"MTAP","4507",2,"22522925;23884293","cancer","PubMed+PubTator3"
"Myc","4609;17869",2,"24423449;26110572","cancer","PubMed+PubTator3"
"NEAT1","283131;66961",2,"28128360;37291246","cancer","PubMed+PubTator3"
"NF-kappaB","4790;18033",2,"21430775;26408534","cancer","PubMed+PubTator3"
"NFkappaB","18033;4790",2,"26110572;26972162","cancer","PubMed+PubTator3"
"NKX2-1","7080",2,"31782890;41415280","cancer","PubMed+PubTator3"
"NKX3-1","4824",2,"32986714;39878408","cancer","PubMed+PubTator3"
"NOTCH2","4853",2,"20482849;28339086","cancer","PubMed+PubTator3"
"NQO2","4835",2,"27165481;41373777","cancer","PubMed+PubTator3"
"NRXN1","9378",2,"27671336;30289875","cancer","PubMed+PubTator3"
"oncogenes","NA",2,"10945556;26168291","cancer","PubMed+PubTator3"
"P53","7157",2,"28302063;29408647","cancer","PubMed+PubTator3"
"PBRM1","55193",2,"29360550;29408647","cancer","PubMed+PubTator3"
"PDX1","3651",2,"39002386;40059124","cancer","PubMed+PubTator3"
"PIK3R1","5295",2,"28339086;29174369","cancer","PubMed+PubTator3"
"POU5F1B","5462",2,"25581428;35812248","cancer","PubMed+PubTator3"
"PREX2","80243",2,"25719666;35180847","cancer","PubMed+PubTator3"
"progesterone receptor","5241",2,"23171949;27386569","cancer","PubMed+PubTator3"
"PRSS3","5646",2,"36116415;38878676","cancer","PubMed+PubTator3"
"PTGS2","5743",2,"26110572;32493953","cancer","PubMed+PubTator3"
"PTPRD","5789",2,"28235956;31278746","cancer","PubMed+PubTator3"
"RAD50","10111",2,"19092773;32920123","cancer","PubMed+PubTator3"
"RAD51","5888",2,"19214744;32902196","cancer","PubMed+PubTator3"
"S100P","6286",2,"22445993;23302999","cancer","PubMed+PubTator3"
"SLITRK5","26050",2,"27599611;27671336","cancer","PubMed+PubTator3"
"SMARCA4","6597",2,"23033341;25278450","cancer","PubMed+PubTator3"
"SMARCB1","361825;6598",2,"34261517;36804482","cancer","PubMed+PubTator3"
"STAT3","20848;6774",2,"26408534;27855189","cancer","PubMed+PubTator3"
"TFF1","7031",2,"20525369;23302999","cancer","PubMed+PubTator3"
"TGFB1","7040",2,"19092773;33229445","cancer","PubMed+PubTator3"
"Trp53","22059",2,"22880004;26168291","cancer","PubMed+PubTator3"
"TRPS1","7227",2,"25819079;37632791","cancer","PubMed+PubTator3"
"tyrosine kinase","7294",2,"22941188;36116415","cancer","PubMed+PubTator3"
"UGT2B7","7364",2,"28583088;33595913","cancer","PubMed+PubTator3"
"VDR","7421",2,"16584379;41540004","cancer","PubMed+PubTator3"
"VEGF","7422",2,"28339086;31684858","cancer","PubMed+PubTator3"
"WT1","7490",2,"23171949;36804482","cancer","PubMed+PubTator3"
"-DQB1","3119",1,"30384854","cancer","PubMed+PubTator3"
"ABCB5","340273",1,"22980976","cancer","PubMed+PubTator3"
"Abcc3","76408",1,"39067134","cancer","PubMed+PubTator3"
"ABCD2","225",1,"24739237","cancer","PubMed+PubTator3"
"ACAP1","9744",1,"28362817","cancer","PubMed+PubTator3"
"achaete-scute homolog 1","429",1,"31782890","cancer","PubMed+PubTator3"
"ACOT2","10965",1,"39002386","cancer","PubMed+PubTator3"
"ACOXL","55289",1,"26237329","cancer","PubMed+PubTator3"
"ACSS2","55902",1,"33258187","cancer","PubMed+PubTator3"
"activating protein-1","3726",1,"22665440","cancer","PubMed+PubTator3"
"activator protein-1","3725",1,"26676204","cancer","PubMed+PubTator3"
"ACTRT3","84517",1,"39910817","cancer","PubMed+PubTator3"
"ADAM29","11086",1,"24670651","cancer","PubMed+PubTator3"
"ADAM33","80332",1,"39002386","cancer","PubMed+PubTator3"
"ADAMDEC1","27299",1,"39680087","cancer","PubMed+PubTator3"
"ADCY3","109",1,"41713536","cancer","PubMed+PubTator3"
"AGER","177",1,"26683690","cancer","PubMed+PubTator3"
"AhR","196",1,"32988402","cancer","PubMed+PubTator3"
"AHR","196",1,"32988402","cancer","PubMed+PubTator3"
"AIOLOS","22806",1,"17344859","cancer","PubMed+PubTator3"
"AIP","9049",1,"39878408","cancer","PubMed+PubTator3"
"AJUBA","84962",1,"25631445","cancer","PubMed+PubTator3"
"AKR1C2","1646",1,"23302999","cancer","PubMed+PubTator3"
"AKT1","207",1,"27628192","cancer","PubMed+PubTator3"
"AKT3","10000",1,"30728399","cancer","PubMed+PubTator3"
"aldehyde oxidase 1","316",1,"33135729","cancer","PubMed+PubTator3"
"ALDH1A3","220",1,"26110572","cancer","PubMed+PubTator3"
"ALDH3A2","224",1,"34839022","cancer","PubMed+PubTator3"
"ALKBH5","54890",1,"41219359","cancer","PubMed+PubTator3"
"ANK2","287",1,"27671336","cancer","PubMed+PubTator3"
"ANKLE1","126549",1,"28362817","cancer","PubMed+PubTator3"
"ANKRD29","147463",1,"40175565","cancer","PubMed+PubTator3"
"ANKRD7","56311",1,"30289875","cancer","PubMed+PubTator3"
"ANLN","54443",1,"32902196","cancer","PubMed+PubTator3"
"ANO5","203859",1,"27671336","cancer","PubMed+PubTator3"
"ANXA3","306",1,"30274024","cancer","PubMed+PubTator3"
"AOX1","316",1,"33135729","cancer","PubMed+PubTator3"
"AP1","2354",1,"26234679","cancer","PubMed+PubTator3"
"AP2","7020",1,"28302063","cancer","PubMed+PubTator3"
"APAF1","317",1,"34308964","cancer","PubMed+PubTator3"
"Apc","11789",1,"32600361","cancer","PubMed+PubTator3"
"ARAF","369",1,"23171949","cancer","PubMed+PubTator3"
"Araf1","369",1,"34308964","cancer","PubMed+PubTator3"
"ARFGEF2","10564",1,"33258187","cancer","PubMed+PubTator3"
"ARHGAP29","9411",1,"19457610","cancer","PubMed+PubTator3"
"ARHGEF12","23365",1,"41310897","cancer","PubMed+PubTator3"
"ARHGEF4","50649",1,"30821641","cancer","PubMed+PubTator3"
"ARID1A.","8289",1,"31395065","cancer","PubMed+PubTator3"
"ARID2","196528",1,"26099527","cancer","PubMed+PubTator3"
"Arid5b","71371",1,"39067134","cancer","PubMed+PubTator3"
"ARL17B","100506084",1,"39623312","cancer","PubMed+PubTator3"
"ARMCX4","100131755",1,"28339086","cancer","PubMed+PubTator3"
"ARNT","405",1,"32988402","cancer","PubMed+PubTator3"
"aromatase","1588",1,"16322257","cancer","PubMed+PubTator3"
"Aromatase","1588",1,"16322257","cancer","PubMed+PubTator3"
"ARPIN","348110",1,"17171680","cancer","PubMed+PubTator3"
"Aryl hydrocarbon receptor","196",1,"32988402","cancer","PubMed+PubTator3"
"AS","112935892",1,"38761291","cancer","PubMed+PubTator3"
"ASB4","51666",1,"36194576","cancer","PubMed+PubTator3"
"ASH1","429",1,"31782890","cancer","PubMed+PubTator3"
"Asp (abnormal spindle)","259266",1,"26178168","cancer","PubMed+PubTator3"
"Aspm","289054",1,"26178168","cancer","PubMed+PubTator3"
"ASPM","259266",1,"26178168","cancer","PubMed+PubTator3"
"ASXL1","171023",1,"32374727","cancer","PubMed+PubTator3"
"ASXL3","80816",1,"34341073","cancer","PubMed+PubTator3"
"ATF4","468",1,"34839022","cancer","PubMed+PubTator3"
"ATF6B","1388",1,"41270069","cancer","PubMed+PubTator3"
"ATM","472",1,"19092773","cancer","PubMed+PubTator3"
"ATP5C1","509",1,"22363440","cancer","PubMed+PubTator3"
"ATP6","4508",1,"27055661","cancer","PubMed+PubTator3"
"AXIN1","8312",1,"26099527","cancer","PubMed+PubTator3"
"B2M","567",1,"31345234","cancer","PubMed+PubTator3"
"BABAM1","29086",1,"40775447","cancer","PubMed+PubTator3"
"BAP1","8314",1,"34341073","cancer","PubMed+PubTator3"
"BBOX1","8424",1,"38761291","cancer","PubMed+PubTator3"
"Bcl-2","596",1,"31782890","cancer","PubMed+PubTator3"
"BCL-2","596",1,"41168822","cancer","PubMed+PubTator3"
"BCL2A1","597",1,"34308964","cancer","PubMed+PubTator3"
"BCL2L1","598",1,"20164920","cancer","PubMed+PubTator3"
"BCL6","604",1,"32857918","cancer","PubMed+PubTator3"
"Beta-2-microglobulin","567",1,"31345234","cancer","PubMed+PubTator3"
"BIRC2","329",1,"28339086","cancer","PubMed+PubTator3"
"BOP1","23246",1,"22174824","cancer","PubMed+PubTator3"
"BRCA1-2","672;675",1,"34146199","cancer","PubMed+PubTator3"
"BRCA3","60500",1,"19092773","cancer","PubMed+PubTator3"
"BRCAX","60500",1,"20352487","cancer","PubMed+PubTator3"
"BST2","684",1,"39420005","cancer","PubMed+PubTator3"
"C-C motif chemokine 23","6368",1,"40038097","cancer","PubMed+PubTator3"
"c-Fos","2353",1,"26676204","cancer","PubMed+PubTator3"
"c-FOS","2353",1,"28886127","cancer","PubMed+PubTator3"
"c-Jun","3725",1,"26676204","cancer","PubMed+PubTator3"
"c-Jun N-terminal kinase","5599",1,"29666306","cancer","PubMed+PubTator3"
"c-KIT","3815",1,"29695767","cancer","PubMed+PubTator3"
"c-Myc","4609",1,"22321013","cancer","PubMed+PubTator3"
"C-X-C motif chemokine 1","2919",1,"40038097","cancer","PubMed+PubTator3"
"C/EBPbeta","12608",1,"25539728","cancer","PubMed+PubTator3"
"C11orf53","341032",1,"35812248","cancer","PubMed+PubTator3"
"C13orf27","93081",1,"23158542","cancer","PubMed+PubTator3"
"C14orf166","51637",1,"37632791","cancer","PubMed+PubTator3"
"C18orf54","162681",1,"39878408","cancer","PubMed+PubTator3"
"C19orf2","8725",1,"22174824","cancer","PubMed+PubTator3"
"C19orf53","28974",1,"25551281","cancer","PubMed+PubTator3"
"C1QTNF2","114898",1,"36194576","cancer","PubMed+PubTator3"
"C5orf34","375444",1,"38078888","cancer","PubMed+PubTator3"
"C5orf67","101928448",1,"34021172","cancer","PubMed+PubTator3"
"CA125","94025",1,"35180847","cancer","PubMed+PubTator3"
"CADM1","23705",1,"41415280","cancer","PubMed+PubTator3"
"cAMP response element-binding protein","1385",1,"24423449","cancer","PubMed+PubTator3"
"CAPN13","92291",1,"32079541","cancer","PubMed+PubTator3"
"carboxypeptidase M","1368",1,"30523707","cancer","PubMed+PubTator3"
"CASP10","843",1,"41188790","cancer","PubMed+PubTator3"
"caspase 8","841",1,"40038097","cancer","PubMed+PubTator3"
"Caspase-3","836",1,"41168822","cancer","PubMed+PubTator3"
"caspase-8","841",1,"27855189","cancer","PubMed+PubTator3"
"catenin beta 1","1499",1,"22034905","cancer","PubMed+PubTator3"
"CAV1","857",1,"25579546","cancer","PubMed+PubTator3"
"CAVEOLIN1","857",1,"34167951","cancer","PubMed+PubTator3"
"CBL","867",1,"33909040","cancer","PubMed+PubTator3"
"CCAAT/Enhancer Binding Protein beta","1051",1,"34282050","cancer","PubMed+PubTator3"
"CCDC74B","91409",1,"36194576","cancer","PubMed+PubTator3"
"CCL20","6364",1,"40936758","cancer","PubMed+PubTator3"
"CCL28","56477",1,"38502355","cancer","PubMed+PubTator3"
"CCM2","83605",1,"40447568","cancer","PubMed+PubTator3"
"CCNB2","9133",1,"36116415","cancer","PubMed+PubTator3"
"CCNF","899",1,"39324133","cancer","PubMed+PubTator3"
"CD177","57126",1,"41373777","cancer","PubMed+PubTator3"
"CD24","100133941",1,"33135729","cancer","PubMed+PubTator3"
"CD25","3559",1,"16804532","cancer","PubMed+PubTator3"
"CD300LF","146722",1,"39878408","cancer","PubMed+PubTator3"
"CD74","972",1,"40936758","cancer","PubMed+PubTator3"
"CD79A","973",1,"25572802","cancer","PubMed+PubTator3"
"CDC20","991",1,"36116415","cancer","PubMed+PubTator3"
"CDC25A","993",1,"19457610","cancer","PubMed+PubTator3"
"CDC42BPA","8476",1,"36194576","cancer","PubMed+PubTator3"
"CDCA8","55143",1,"22174824","cancer","PubMed+PubTator3"
"CDH13","1012",1,"22034905","cancer","PubMed+PubTator3"
"CDK2","1017",1,"23787073","cancer","PubMed+PubTator3"
"CDK2NA","1017",1,"25275298","cancer","PubMed+PubTator3"
"CDK4","1019",1,"32374727","cancer","PubMed+PubTator3"
"CDKN1A","1026",1,"40038097","cancer","PubMed+PubTator3"
"CDKN1B","1027",1,"32374727","cancer","PubMed+PubTator3"
"Cdkn2a and b","1029",1,"20639864","cancer","PubMed+PubTator3"
"CDKN2A.","1029",1,"35180847","cancer","PubMed+PubTator3"
"CDKN2AIP","55602",1,"19457610","cancer","PubMed+PubTator3"
"CEA","5670",1,"35180847","cancer","PubMed+PubTator3"
"CEBPA","1050",1,"22930530","cancer","PubMed+PubTator3"
"Cebpb","12608",1,"25539728","cancer","PubMed+PubTator3"
"CELA2A","63036",1,"36116415","cancer","PubMed+PubTator3"
"CELA2B","51032",1,"36116415","cancer","PubMed+PubTator3"
"CELA3A","10136",1,"36116415","cancer","PubMed+PubTator3"
"CELF2","10659",1,"33142748","cancer","PubMed+PubTator3"
"CENPM","79019",1,"39324133","cancer","PubMed+PubTator3"
"CFAP99","402160",1,"30289875","cancer","PubMed+PubTator3"
"CHD2","1106",1,"35180847","cancer","PubMed+PubTator3"
"CHEK1","1111",1,"32902196","cancer","PubMed+PubTator3"
"CHMP2B","25978",1,"41270069","cancer","PubMed+PubTator3"
"CHRNA3","1136",1,"28583088","cancer","PubMed+PubTator3"
"CHRNA4","1137",1,"28583088","cancer","PubMed+PubTator3"
"CHRNA5","1138",1,"28583088","cancer","PubMed+PubTator3"
"CHRNB4","1143",1,"28583088","cancer","PubMed+PubTator3"
"CIITA","4261",1,"28339086","cancer","PubMed+PubTator3"
"CKS1B","1163",1,"39324133","cancer","PubMed+PubTator3"
"CKS2","1164",1,"39324133","cancer","PubMed+PubTator3"
"CLDN1","9076",1,"38761291","cancer","PubMed+PubTator3"
"CLDN3","1365",1,"33638948","cancer","PubMed+PubTator3"
"CLPTM1L","81037",1,"40775447","cancer","PubMed+PubTator3"
"CMYA5","202333",1,"28339086","cancer","PubMed+PubTator3"
"CNP","1267",1,"34308964","cancer","PubMed+PubTator3"
"CNPY2","10330",1,"41006377","cancer","PubMed+PubTator3"
"coiled-coil domain-containing 26","137196",1,"31619233","cancer","PubMed+PubTator3"
"COL1A1","1277",1,"36116415","cancer","PubMed+PubTator3"
"COL5A2","1290",1,"25551281","cancer","PubMed+PubTator3"
"COLCA1","399948",1,"35812248","cancer","PubMed+PubTator3"
"COLCA2","120376",1,"35812248","cancer","PubMed+PubTator3"
"COLEC12","81035",1,"39872525","cancer","PubMed+PubTator3"
"COPS5","10987",1,"30243646","cancer","PubMed+PubTator3"
"CORO2A","7464",1,"23302999","cancer","PubMed+PubTator3"
"COX6B1","1340",1,"39878408","cancer","PubMed+PubTator3"
"CPA1","1357",1,"36116415","cancer","PubMed+PubTator3"
"CPA2","1358",1,"36116415","cancer","PubMed+PubTator3"
"CPB1","1360",1,"36116415","cancer","PubMed+PubTator3"
"CPE","1363",1,"41006377","cancer","PubMed+PubTator3"
"CPM","1368",1,"30523707","cancer","PubMed+PubTator3"
"CREB","1385",1,"24423449","cancer","PubMed+PubTator3"
"CREB3L4","148327",1,"39878408","cancer","PubMed+PubTator3"
"CREBP","NA",1,"25275298","cancer","PubMed+PubTator3"
"CRG","55636",1,"28003584","cancer","PubMed+PubTator3"
"CRIM1","51232",1,"25798919","cancer","PubMed+PubTator3"
"CRISPLD2","83716",1,"35414113","cancer","PubMed+PubTator3"
"CRLS1","54675",1,"38409266","cancer","PubMed+PubTator3"
"CSF3","1440",1,"29378629","cancer","PubMed+PubTator3"
"CSNK1E","1454",1,"25187986","cancer","PubMed+PubTator3"
"CST1","1469",1,"26683690","cancer","PubMed+PubTator3"
"CTD-2377D24.4","105371811",1,"38761291","cancer","PubMed+PubTator3"
"CTD-3080P12.3","101928857",1,"38697998","cancer","PubMed+PubTator3"
"CTNNA1","1495",1,"23171949","cancer","PubMed+PubTator3"
"CTNNAL1","8727",1,"26683690","cancer","PubMed+PubTator3"
"CTRB2","440387",1,"36116415","cancer","PubMed+PubTator3"
"CTRC","11330",1,"36116415","cancer","PubMed+PubTator3"
"CTSA","5476",1,"39878408","cancer","PubMed+PubTator3"
"CTTN","2017",1,"29700001","cancer","PubMed+PubTator3"
"CX3CL1","6376",1,"19457610","cancer","PubMed+PubTator3"
"Cyclin D1","595",1,"28886127","cancer","PubMed+PubTator3"
"cyclin-dependent kinase inhibitor 2A","1029",1,"33419800","cancer","PubMed+PubTator3"
"cyclins","81669",1,"24423449","cancer","PubMed+PubTator3"
"CYFIP2","26999",1,"28339086","cancer","PubMed+PubTator3"
"CYP19A1","1588",1,"34675350","cancer","PubMed+PubTator3"
"CYP27A1","1593",1,"40755754","cancer","PubMed+PubTator3"
"CYP2A6","1548",1,"28583088","cancer","PubMed+PubTator3"
"CYP2E1","1571",1,"11882782","cancer","PubMed+PubTator3"
"cytochrome P450","4051",1,"24820496","cancer","PubMed+PubTator3"
"cytochrome P450 19","1588",1,"16322257","cancer","PubMed+PubTator3"
"cytochrome P450 family 2 subfamily D member 6","1565",1,"33419800","cancer","PubMed+PubTator3"
"DCAF16","54876",1,"33909040","cancer","PubMed+PubTator3"
"DCC","1630",1,"21347779","cancer","PubMed+PubTator3"
"DCLK3","85443",1,"28195176","cancer","PubMed+PubTator3"
"DCT","1638",1,"28339086","cancer","PubMed+PubTator3"
"DDHD2","23259",1,"30243646","cancer","PubMed+PubTator3"
"DDIT3","1649",1,"34839022","cancer","PubMed+PubTator3"
"DDX27","55661",1,"33258187","cancer","PubMed+PubTator3"
"DDX28","55794",1,"22363440","cancer","PubMed+PubTator3"
"DDX3Y","8653",1,"36194576","cancer","PubMed+PubTator3"
"DEAF1","10522",1,"40554679","cancer","PubMed+PubTator3"
"DET1","55070",1,"36194576","cancer","PubMed+PubTator3"
"DHODH","1723",1,"28362817","cancer","PubMed+PubTator3"
"DICER1","23405",1,"31278746","cancer","PubMed+PubTator3"
"DIS3","22894",1,"23158542","cancer","PubMed+PubTator3"
"DLG2","1740",1,"25581428","cancer","PubMed+PubTator3"
"DLG5","9231",1,"41373777","cancer","PubMed+PubTator3"
"DLGAP5","9787",1,"22363440","cancer","PubMed+PubTator3"
"DMRT1","1761",1,"30289875","cancer","PubMed+PubTator3"
"DNAH14","127602",1,"28339086","cancer","PubMed+PubTator3"
"DNAJC12","56521",1,"23302999","cancer","PubMed+PubTator3"
"DNALI1","7802",1,"34965383","cancer","PubMed+PubTator3"
"Dock2","94176",1,"39067134","cancer","PubMed+PubTator3"
"DPB1","3115",1,"30384854","cancer","PubMed+PubTator3"
"DPF3","8110",1,"36194576","cancer","PubMed+PubTator3"
"DPP4","1803",1,"41006377","cancer","PubMed+PubTator3"
"DPP6","1804",1,"22479372","cancer","PubMed+PubTator3"
"DPT","1805",1,"26683690","cancer","PubMed+PubTator3"
"DQA1","3117",1,"30384854","cancer","PubMed+PubTator3"
"DR5","8795",1,"26136424","cancer","PubMed+PubTator3"
"DRB1","3123",1,"30384854","cancer","PubMed+PubTator3"
"DST","667",1,"28339086","cancer","PubMed+PubTator3"
"DUSP10","11221",1,"35812248","cancer","PubMed+PubTator3"
"E2A","6929",1,"17344859","cancer","PubMed+PubTator3"
"E2F transcription factor 1","399489",1,"26178168","cancer","PubMed+PubTator3"
"E3 ubiquitin ligase","158506",1,"39324133","cancer","PubMed+PubTator3"
"E6","NA",1,"8945609","cancer","PubMed+PubTator3"
"EBF1","1879",1,"17344859","cancer","PubMed+PubTator3"
"ECT2","1894",1,"30243646","cancer","PubMed+PubTator3"
"EEFSEC","60678",1,"34675350","cancer","PubMed+PubTator3"
"EFNA1","1942",1,"23158542","cancer","PubMed+PubTator3"
"EFNA4","1945",1,"25572802","cancer","PubMed+PubTator3"
"EFNB2","1948",1,"28886127","cancer","PubMed+PubTator3"
"EGF","1950",1,"41270069","cancer","PubMed+PubTator3"
"EGLN3","112399",1,"30334361","cancer","PubMed+PubTator3"
"EGR1","1958",1,"22930530","cancer","PubMed+PubTator3"
"EIF1AX","1964",1,"32812852","cancer","PubMed+PubTator3"
"EIF2C3","192669",1,"22174824","cancer","PubMed+PubTator3"
"EIF3E","3646",1,"30243646","cancer","PubMed+PubTator3"
"EIF3H","8667",1,"31278746","cancer","PubMed+PubTator3"
"ELAVL1","1994",1,"25913416","cancer","PubMed+PubTator3"
"ELF4","2000",1,"19457610","cancer","PubMed+PubTator3"
"EML4","27436",1,"39126824","cancer","PubMed+PubTator3"
"EN1","2019",1,"38697998","cancer","PubMed+PubTator3"
"EPAS1","2034",1,"25798919","cancer","PubMed+PubTator3"
"EPB41","269587",1,"27453575","cancer","PubMed+PubTator3"
"EPB41L4A","64097",1,"27671336","cancer","PubMed+PubTator3"
"EpCAM","4072",1,"25411184","cancer","PubMed+PubTator3"
"EPCAM","4072",1,"33135729","cancer","PubMed+PubTator3"
"EPHA7","2045",1,"22941188","cancer","PubMed+PubTator3"
"Ephb2","2048",1,"20639864","cancer","PubMed+PubTator3"
"EPHB2","2048",1,"20639864","cancer","PubMed+PubTator3"
"EPHX1","2052",1,"11882782","cancer","PubMed+PubTator3"
"epidermal growth factor receptor 2","2064",1,"36240473","cancer","PubMed+PubTator3"
"Erbb2","13866;2064",1,"39067134","cancer","PubMed+PubTator3"
"ERBB3","2065",1,"30728399","cancer","PubMed+PubTator3"
"ERBB4","2066",1,"41415280","cancer","PubMed+PubTator3"
"ERbeta","2100",1,"21493669","cancer","PubMed+PubTator3"
"ERCC2","2068",1,"31264434","cancer","PubMed+PubTator3"
"ERG","2078",1,"23695551","cancer","PubMed+PubTator3"
"ERK","2048",1,"23171949","cancer","PubMed+PubTator3"
"Erk1/2","5595;5594",1,"22930530","cancer","PubMed+PubTator3"
"ERK1/2","26417;26413",1,"26408534","cancer","PubMed+PubTator3"
"ERO1LB","56605",1,"28177904","cancer","PubMed+PubTator3"
"ERV3-1","2086",1,"27455841","cancer","PubMed+PubTator3"
"ESAM","90952",1,"39420005","cancer","PubMed+PubTator3"
"ESRP1","54845",1,"29936137","cancer","PubMed+PubTator3"
"ESRP2","80004",1,"23884293","cancer","PubMed+PubTator3"
"estrogen receptor alpha","2099",1,"28886127","cancer","PubMed+PubTator3"
"Estrogen receptor alpha","2099",1,"26906743","cancer","PubMed+PubTator3"
"Estrogen receptor beta","2100",1,"21493669","cancer","PubMed+PubTator3"
"estrogen-receptor","2099",1,"38697998","cancer","PubMed+PubTator3"
"EVI1","2122",1,"26234679","cancer","PubMed+PubTator3"
"Fabp6","16204",1,"32600361","cancer","PubMed+PubTator3"
"FAM111A","63901",1,"22366784","cancer","PubMed+PubTator3"
"FAM111B","374393",1,"22366784","cancer","PubMed+PubTator3"
"FAM135B","51059",1,"24670651","cancer","PubMed+PubTator3"
"FAM178A","55719",1,"28339086","cancer","PubMed+PubTator3"
"FAM221A","340277",1,"33638948","cancer","PubMed+PubTator3"
"FAM53A","152877",1,"39789109","cancer","PubMed+PubTator3"
"Fam81a","76886",1,"39067134","cancer","PubMed+PubTator3"
"FANCD2","2177",1,"32920123","cancer","PubMed+PubTator3"
"FANCI","55215",1,"32902196","cancer","PubMed+PubTator3"
"FAP","2191",1,"26683690","cancer","PubMed+PubTator3"
"Fas","355",1,"26136424","cancer","PubMed+PubTator3"
"FAS","355",1,"26136424","cancer","PubMed+PubTator3"
"FasL","356;14103",1,"26136424","cancer","PubMed+PubTator3"
"FAT","2195",1,"34263978","cancer","PubMed+PubTator3"
"FAT4","79633",1,"31395065","cancer","PubMed+PubTator3"
"Fatty acid binding protein 6","16204",1,"32600361","cancer","PubMed+PubTator3"
"FBN1","2200",1,"17171680","cancer","PubMed+PubTator3"
"FBN2","2201",1,"29408647","cancer","PubMed+PubTator3"
"FBXL20","84961",1,"39002386","cancer","PubMed+PubTator3"
"FBXL5","26234",1,"33142748","cancer","PubMed+PubTator3"
"FBXW11","23291",1,"33142748","cancer","PubMed+PubTator3"
"FBXW7","55294",1,"23171949","cancer","PubMed+PubTator3"
"Fc gamma receptor","2209",1,"25113377","cancer","PubMed+PubTator3"
"FERMT1","55612",1,"26683690","cancer","PubMed+PubTator3"
"FGF12","2257",1,"32857918","cancer","PubMed+PubTator3"
"FGF19","9965",1,"26099527","cancer","PubMed+PubTator3"
"FHIT","2272",1,"25581428","cancer","PubMed+PubTator3"
"fibroblast growth factor receptor 2","2263",1,"22034905","cancer","PubMed+PubTator3"
"FLCN","201163",1,"23038766","cancer","PubMed+PubTator3"
"FLII","2314",1,"39878408","cancer","PubMed+PubTator3"
"FLT4","2324",1,"33419800","cancer","PubMed+PubTator3"
"FMO3","2328",1,"28583088","cancer","PubMed+PubTator3"
"fms-related receptor tyrosine kinase 4","2324",1,"33419800","cancer","PubMed+PubTator3"
"forkhead box L1","2300",1,"25395235","cancer","PubMed+PubTator3"
"FOX2","23543",1,"25913416","cancer","PubMed+PubTator3"
"FOXL1","2300",1,"25395235","cancer","PubMed+PubTator3"
"FoxO1","56458",1,"25539728","cancer","PubMed+PubTator3"
"FoxO3a","56484",1,"25539728","cancer","PubMed+PubTator3"
"FoxO4","54601",1,"25539728","cancer","PubMed+PubTator3"
"fumarate hydratase","2271",1,"23038766","cancer","PubMed+PubTator3"
"G9a","10919",1,"26136424","cancer","PubMed+PubTator3"
"GABPA","2551",1,"38748784","cancer","PubMed+PubTator3"
"GADD45B","4616",1,"22664866","cancer","PubMed+PubTator3"
"GALNT10","55568",1,"25551281","cancer","PubMed+PubTator3"
"gap junction protein beta 2","2706",1,"28177904","cancer","PubMed+PubTator3"
"GAPDH","2597",1,"40936758","cancer","PubMed+PubTator3"
"GAS1","2619",1,"41270069","cancer","PubMed+PubTator3"
"GATA","55278",1,"26234679","cancer","PubMed+PubTator3"
"GATA3","2625",1,"23000897","cancer","PubMed+PubTator3"
"GATA4","14463",1,"26408534","cancer","PubMed+PubTator3"
"GATA5","140628",1,"27225266","cancer","PubMed+PubTator3"
"GBP1","2633",1,"23884293","cancer","PubMed+PubTator3"
"GCNT2","2651",1,"41415280","cancer","PubMed+PubTator3"
"GDF15","9518",1,"33638948","cancer","PubMed+PubTator3"
"GGCX","2677",1,"41188790","cancer","PubMed+PubTator3"
"GGT","653590",1,"34321100","cancer","PubMed+PubTator3"
"GINS1","9837",1,"33731882","cancer","PubMed+PubTator3"
"GJB2","2706",1,"28177904","cancer","PubMed+PubTator3"
"GLP","79813",1,"26136424","cancer","PubMed+PubTator3"
"glucocorticoid receptor","14815",1,"28990076","cancer","PubMed+PubTator3"
"GLUD2","2747",1,"23884293","cancer","PubMed+PubTator3"
"glutathione-S-transferase","373156",1,"11882782","cancer","PubMed+PubTator3"
"GNA11","2767",1,"28188128","cancer","PubMed+PubTator3"
"GNAI2","2771",1,"24423449","cancer","PubMed+PubTator3"
"GNAL","2774",1,"19457610","cancer","PubMed+PubTator3"
"GNL2","29889",1,"34965383","cancer","PubMed+PubTator3"
"GP4","948",1,"23695551","cancer","PubMed+PubTator3"
"GPCR","442206",1,"27455841","cancer","PubMed+PubTator3"
"GPNMB","10457",1,"23158542","cancer","PubMed+PubTator3"
"GPR160","26996",1,"39623312","cancer","PubMed+PubTator3"
"GREM1","26585",1,"35812248","cancer","PubMed+PubTator3"
"GRHL1","29841",1,"41713536","cancer","PubMed+PubTator3"
"GRK5","2869",1,"26683690","cancer","PubMed+PubTator3"
"GSDMB","55876",1,"39002386","cancer","PubMed+PubTator3"
"GST","NA",1,"34308964","cancer","PubMed+PubTator3"
"GSTM1","2944",1,"11882782","cancer","PubMed+PubTator3"
"GSTP1","2950",1,"39878408","cancer","PubMed+PubTator3"
"GSTT1","2952",1,"11882782","cancer","PubMed+PubTator3"
"GYPE","2996",1,"33909040","cancer","PubMed+PubTator3"
"H2AFV","94239",1,"39878408","cancer","PubMed+PubTator3"
"H3F3A","3020",1,"28638988","cancer","PubMed+PubTator3"
"HAAO","23498",1,"41188790","cancer","PubMed+PubTator3"
"HACE1","57531",1,"22941191","cancer","PubMed+PubTator3"
"HBB","3043",1,"34261517","cancer","PubMed+PubTator3"
"HBEGF","1839",1,"26683690","cancer","PubMed+PubTator3"
"HDAC","9734",1,"34341073","cancer","PubMed+PubTator3"
"HELQ","113510",1,"41713536","cancer","PubMed+PubTator3"
"HER-2","2064",1,"23171949","cancer","PubMed+PubTator3"
"HER3","2065",1,"34167951","cancer","PubMed+PubTator3"
"HERC1","8925",1,"23171949","cancer","PubMed+PubTator3"
"HEY2","23493",1,"34675350","cancer","PubMed+PubTator3"
"HGF","3082",1,"22980976","cancer","PubMed+PubTator3"
"HIF-1","3091",1,"32493953","cancer","PubMed+PubTator3"
"HIST1H2BN","8341",1,"38845201","cancer","PubMed+PubTator3"
"HLA-A","3105",1,"31345234","cancer","PubMed+PubTator3"
"HLA-A, -B, -C","3105;3106;3107",1,"30384854","cancer","PubMed+PubTator3"
"HLA-B","3106",1,"31345234","cancer","PubMed+PubTator3"
"HLA-C","3107",1,"31345234","cancer","PubMed+PubTator3"
"HMGA1","3159",1,"34021172","cancer","PubMed+PubTator3"
"HMGA2","8091",1,"25581428","cancer","PubMed+PubTator3"
"hMLH1","4292",1,"8646682","cancer","PubMed+PubTator3"
"HNF1B","6928",1,"22730461","cancer","PubMed+PubTator3"
"HNF4a","3172",1,"40554679","cancer","PubMed+PubTator3"
"HNF4A","3172",1,"28583088","cancer","PubMed+PubTator3"
"HNF4alpha","3172",1,"31395065","cancer","PubMed+PubTator3"
"HNF4G","3174",1,"39002386","cancer","PubMed+PubTator3"
"HNRNPC","3183",1,"25913416","cancer","PubMed+PubTator3"
"HNRNPLL","92906",1,"29936137","cancer","PubMed+PubTator3"
"homeobox B13","10481",1,"26398868","cancer","PubMed+PubTator3"
"HOOK1","51361",1,"23302999","cancer","PubMed+PubTator3"
"HOXA10","3206",1,"23172663","cancer","PubMed+PubTator3"
"HOXA2","3199",1,"23172663","cancer","PubMed+PubTator3"
"HOXB7","3217",1,"38761291","cancer","PubMed+PubTator3"
"HOXB8","3218",1,"34839022","cancer","PubMed+PubTator3"
"HOXC4/5","3221;3222",1,"34021172","cancer","PubMed+PubTator3"
"HOXC6","3223",1,"28666851","cancer","PubMed+PubTator3"
"HPGD","3248",1,"26683690","cancer","PubMed+PubTator3"
"Hras","15461",1,"26168291","cancer","PubMed+PubTator3"
"hsa-miR-200 c","406985",1,"28436302","cancer","PubMed+PubTator3"
"HSD17B2","3294",1,"25572802","cancer","PubMed+PubTator3"
"Hsp90AB1","3326",1,"39324133","cancer","PubMed+PubTator3"
"hub","1993",1,"33280513","cancer","PubMed+PubTator3"
"Hub","1993",1,"33280513","cancer","PubMed+PubTator3"
"huntingtin","3064",1,"31450785","cancer","PubMed+PubTator3"
"Huntingtin","3064",1,"31450785","cancer","PubMed+PubTator3"
"IAP","15601",1,"20025072","cancer","PubMed+PubTator3"
"IDH","3417",1,"28638988","cancer","PubMed+PubTator3"
"IDH2","3418",1,"28638988","cancer","PubMed+PubTator3"
"IER3","8870",1,"40806320","cancer","PubMed+PubTator3"
"IFIH1","64135",1,"16804532","cancer","PubMed+PubTator3"
"IGF1","3479",1,"33229445","cancer","PubMed+PubTator3"
"IGSF10","285313",1,"28339086","cancer","PubMed+PubTator3"
"IIS","404552",1,"32160537","cancer","PubMed+PubTator3"
"IKAROS","10320",1,"17344859","cancer","PubMed+PubTator3"
"IKZF1","10320",1,"17344859","cancer","PubMed+PubTator3"
"IKZF3","22806",1,"17344859","cancer","PubMed+PubTator3"
"IL-1 receptor (IL-1R) antagonist","3557",1,"26676204","cancer","PubMed+PubTator3"
"IL-1R1","3554",1,"26676204","cancer","PubMed+PubTator3"
"IL-34","146433",1,"25395235","cancer","PubMed+PubTator3"
"IL-36 receptor antagonist","26525",1,"26676204","cancer","PubMed+PubTator3"
"IL-36Ra","26525",1,"26676204","cancer","PubMed+PubTator3"
"IL-36RN","26525",1,"26676204","cancer","PubMed+PubTator3"
"IL1-F5","26525",1,"26676204","cancer","PubMed+PubTator3"
"IL11RA","3590",1,"40755754","cancer","PubMed+PubTator3"
"IL17D","53342",1,"34839022","cancer","PubMed+PubTator3"
"IL1RL1","9173",1,"29378629","cancer","PubMed+PubTator3"
"IL24","11009",1,"28339086","cancer","PubMed+PubTator3"
"IL2RA","3559",1,"16804532","cancer","PubMed+PubTator3"
"IL7 R","3575",1,"32812852","cancer","PubMed+PubTator3"
"IMP4","92856",1,"28339086","cancer","PubMed+PubTator3"
"Ink4a/Arf","1029;12578;1029",1,"20639864","cancer","PubMed+PubTator3"
"INK4A/ARF","1029",1,"20639864","cancer","PubMed+PubTator3"
"insulin","3630",1,"31450785","cancer","PubMed+PubTator3"
"interferon-gamma","3458",1,"39799269","cancer","PubMed+PubTator3"
"Interleukin (IL)-36RN","26525",1,"26676204","cancer","PubMed+PubTator3"
"interleukin-1-alpha","3552",1,"40038097","cancer","PubMed+PubTator3"
"interleukin-34","146433",1,"25395235","cancer","PubMed+PubTator3"
"Interleukin-34","146433",1,"25395235","cancer","PubMed+PubTator3"
"interleukin-6","3569",1,"40038097","cancer","PubMed+PubTator3"
"INTS8","55656",1,"30243646","cancer","PubMed+PubTator3"
"IRAK2","3656",1,"36194576","cancer","PubMed+PubTator3"
"IRAK3","11213",1,"40755754","cancer","PubMed+PubTator3"
"IREB2","3658",1,"22539604","cancer","PubMed+PubTator3"
"IRF2","3660",1,"31395065","cancer","PubMed+PubTator3"
"IRF5","3663",1,"16804532","cancer","PubMed+PubTator3"
"iron-responsive element binding protein 2","3658",1,"22539604","cancer","PubMed+PubTator3"
"IRS2","8660",1,"41540004","cancer","PubMed+PubTator3"
"ITGAL","3683",1,"32812852","cancer","PubMed+PubTator3"
"ITGAV","3685",1,"36116415","cancer","PubMed+PubTator3"
"JAK1","3716",1,"22930530","cancer","PubMed+PubTator3"
"JAKMIP1","152789",1,"28339086","cancer","PubMed+PubTator3"
"JNK","5599",1,"29666306","cancer","PubMed+PubTator3"
"JUN","3725",1,"39324133","cancer","PubMed+PubTator3"
"KANK1","23189",1,"35180847","cancer","PubMed+PubTator3"
"KBTBD4","55709",1,"28726821","cancer","PubMed+PubTator3"
"KCNJ5","3762",1,"25572802","cancer","PubMed+PubTator3"
"KCNMB1","3779",1,"40755754","cancer","PubMed+PubTator3"
"KCNN3","3782",1,"29408647","cancer","PubMed+PubTator3"
"KCTD7","154881",1,"33142748","cancer","PubMed+PubTator3"
"KDELR1","10945",1,"19457610","cancer","PubMed+PubTator3"
"KDM6B","23135",1,"25275298","cancer","PubMed+PubTator3"
"KHDRBS1","10657",1,"25913416","cancer","PubMed+PubTator3"
"KHK","3795",1,"36194576","cancer","PubMed+PubTator3"
"KIF11","3832",1,"32616754","cancer","PubMed+PubTator3"
"KIF20A","10112",1,"39324133","cancer","PubMed+PubTator3"
"KIF4A.","24137",1,"39324133","cancer","PubMed+PubTator3"
"KIF5A","3798",1,"23265383","cancer","PubMed+PubTator3"
"KIF5B","3799",1,"39126824","cancer","PubMed+PubTator3"
"kinesin family member 5A","3798",1,"23265383","cancer","PubMed+PubTator3"
"KLF12","11278",1,"25581428","cancer","PubMed+PubTator3"
"KLF14","136259",1,"34021172","cancer","PubMed+PubTator3"
"KLF2","10365",1,"39623312","cancer","PubMed+PubTator3"
"KLF4","9314",1,"40936758","cancer","PubMed+PubTator3"
"KLF5","688",1,"25581428","cancer","PubMed+PubTator3"
"KLHL35","283212",1,"22457049","cancer","PubMed+PubTator3"
"KMT2A","4297",1,"28039579","cancer","PubMed+PubTator3"
"KMT2C","58508",1,"24670651","cancer","PubMed+PubTator3"
"KRT1","3848",1,"26110572","cancer","PubMed+PubTator3"
"KRT73","319101",1,"41373777","cancer","PubMed+PubTator3"
"KRT81","3887",1,"41415280","cancer","PubMed+PubTator3"
"LAMA3","3909",1,"26683690","cancer","PubMed+PubTator3"
"LDL-receptor","3949",1,"33186476","cancer","PubMed+PubTator3"
"LEF1","51176",1,"17344859","cancer","PubMed+PubTator3"
"LEPREL1","55214",1,"25581428","cancer","PubMed+PubTator3"
"LIMS2","55679",1,"40755754","cancer","PubMed+PubTator3"
"LIN28B","389421",1,"22941191","cancer","PubMed+PubTator3"
"LINC01137","728431",1,"34965383","cancer","PubMed+PubTator3"
"LINC01234","100506465",1,"27338266","cancer","PubMed+PubTator3"
"LMNA","4000",1,"39878408","cancer","PubMed+PubTator3"
"LMO1","4004",1,"28854983","cancer","PubMed+PubTator3"
"LNX2","222484",1,"26829059","cancer","PubMed+PubTator3"
"LRP5L","91355",1,"30334361","cancer","PubMed+PubTator3"
"LRRC10B","390205",1,"39002386","cancer","PubMed+PubTator3"
"LRRC25","126364",1,"28362817","cancer","PubMed+PubTator3"
"LRRC26","389816",1,"32573269","cancer","PubMed+PubTator3"
"LSM1","27257",1,"30243646","cancer","PubMed+PubTator3"
"LSP1","4046",1,"19092773","cancer","PubMed+PubTator3"
"lysine (K)-specific demethylase 6A","7403",1,"23265383","cancer","PubMed+PubTator3"
"lysine methyltransferase 2D","8085",1,"33419800","cancer","PubMed+PubTator3"
"LZTS1","11178",1,"17171680","cancer","PubMed+PubTator3"
"MACF1","23499",1,"28339086","cancer","PubMed+PubTator3"
"macrophage migration inhibitory factor","4282",1,"41713536","cancer","PubMed+PubTator3"
"MAD2L1BP","9587",1,"23884293","cancer","PubMed+PubTator3"
"MAFA","389692",1,"32869528","cancer","PubMed+PubTator3"
"MAGED1","9500",1,"23884293","cancer","PubMed+PubTator3"
"MALAT1","378938",1,"28128360","cancer","PubMed+PubTator3"
"MAP1LC3A","84557",1,"38502355","cancer","PubMed+PubTator3"
"MAP2K2","5605",1,"30446580","cancer","PubMed+PubTator3"
"MAP2K4","6416",1,"22522925","cancer","PubMed+PubTator3"
"MAP2K7","5609",1,"29666306","cancer","PubMed+PubTator3"
"MAP3K13","9175",1,"32857918","cancer","PubMed+PubTator3"
"MAP3K3","4215",1,"32812852","cancer","PubMed+PubTator3"
"MAPK3","5595",1,"39878408","cancer","PubMed+PubTator3"
"MAPKAP1","79109",1,"28223168","cancer","PubMed+PubTator3"
"MAPRE1","22919",1,"33258187","cancer","PubMed+PubTator3"
"MAPT","4137",1,"28339086","cancer","PubMed+PubTator3"
"MBNL1","4154",1,"25913416","cancer","PubMed+PubTator3"
"MCM3","4172",1,"39324133","cancer","PubMed+PubTator3"
"MCM6","4175",1,"28339086","cancer","PubMed+PubTator3"
"MDM4","4194",1,"38400758","cancer","PubMed+PubTator3"
"MDS1","2122",1,"26234679","cancer","PubMed+PubTator3"
"MDS1 and ecotropic viral integration site 1","2122",1,"26234679","cancer","PubMed+PubTator3"
"MEAF6","64769",1,"34965383","cancer","PubMed+PubTator3"
"MED12","9968",1,"29248888","cancer","PubMed+PubTator3"
"MED12L","116931",1,"27671336","cancer","PubMed+PubTator3"
"Mek1/2","5604;5605",1,"22930530","cancer","PubMed+PubTator3"
"MELK","9833",1,"26683690","cancer","PubMed+PubTator3"
"MEN1","4221",1,"36804482","cancer","PubMed+PubTator3"
"METRNL","284207",1,"37632791","cancer","PubMed+PubTator3"
"MHC","3107",1,"31450785","cancer","PubMed+PubTator3"
"microsomal epoxide hydrolase","2052",1,"11882782","cancer","PubMed+PubTator3"
"MIEN1","84299",1,"34839022","cancer","PubMed+PubTator3"
"miR-1-1","406904;79187",1,"21734013","cancer","PubMed+PubTator3"
"miR-1257","100302168",1,"28886127","cancer","PubMed+PubTator3"
"miR-148a","406940",1,"24400111","cancer","PubMed+PubTator3"
"miR-15a","406948",1,"24400111","cancer","PubMed+PubTator3"
"miR-16","51573",1,"28436302","cancer","PubMed+PubTator3"
"miR-18a, 19a, 20a, 30a, 103b, 126, 126*","406953",1,"23196705","cancer","PubMed+PubTator3"
"miR-190b","100126346",1,"27338266","cancer","PubMed+PubTator3"
"miR-200a","406983",1,"27034531","cancer","PubMed+PubTator3"
"miR-200b","406984",1,"27034531","cancer","PubMed+PubTator3"
"miR-20b","574032",1,"28886127","cancer","PubMed+PubTator3"
"miR-20b-","574032",1,"28886127","cancer","PubMed+PubTator3"
"miR-23b","407011",1,"28886127","cancer","PubMed+PubTator3"
"miR-30d","407033",1,"24739237","cancer","PubMed+PubTator3"
"miR-320a","407037",1,"24400111","cancer","PubMed+PubTator3"
"miR-378g","100616321",1,"28886127","cancer","PubMed+PubTator3"
"miR-451","574411",1,"24400111","cancer","PubMed+PubTator3"
"miR-584","693169",1,"28886127","cancer","PubMed+PubTator3"
"miR-596","693181",1,"24400111","cancer","PubMed+PubTator3"
"miR-612","693197",1,"28886127","cancer","PubMed+PubTator3"
"MIR548K","100313770",1,"24670651","cancer","PubMed+PubTator3"
"MIX","83881",1,"33142748","cancer","PubMed+PubTator3"
"MLL","4297",1,"22941188","cancer","PubMed+PubTator3"
"MLL1","4297",1,"25275298","cancer","PubMed+PubTator3"
"MMP7","4316",1,"41270069","cancer","PubMed+PubTator3"
"MOCOS","55034",1,"28339086","cancer","PubMed+PubTator3"
"MORF4L1","10933",1,"17171680","cancer","PubMed+PubTator3"
"MPO","4353",1,"11882782","cancer","PubMed+PubTator3"
"MTMR6","9107",1,"39002386","cancer","PubMed+PubTator3"
"MTOR","2475",1,"28188128","cancer","PubMed+PubTator3"
"MTSS1","9788",1,"26829059","cancer","PubMed+PubTator3"
"MUC1","4582",1,"25411184","cancer","PubMed+PubTator3"
"MUC17","140453",1,"29360550","cancer","PubMed+PubTator3"
"mucin","100508689",1,"25411184","cancer","PubMed+PubTator3"
"MX1","4599",1,"28666851","cancer","PubMed+PubTator3"
"myeloperoxidase","4353",1,"11882782","cancer","PubMed+PubTator3"
"MYH9","4627",1,"33419800","cancer","PubMed+PubTator3"
"MYO9B","4650",1,"39878408","cancer","PubMed+PubTator3"
"myosin heavy chain 9","4627",1,"33419800","cancer","PubMed+PubTator3"
"N4BP2","55728",1,"39878408","cancer","PubMed+PubTator3"
"N4BP2L2","10443",1,"33258187","cancer","PubMed+PubTator3"
"NBN","4683",1,"19092773","cancer","PubMed+PubTator3"
"NBPF23","401967",1,"20517688","cancer","PubMed+PubTator3"
"NCAM1","4684",1,"29936137","cancer","PubMed+PubTator3"
"NCAPG2","54892",1,"32902196","cancer","PubMed+PubTator3"
"NCEH1","57552",1,"39878408","cancer","PubMed+PubTator3"
"Nckap5","210356",1,"39067134","cancer","PubMed+PubTator3"
"NCOA4","8031",1,"22730461","cancer","PubMed+PubTator3"
"ND4","4538",1,"27055661","cancer","PubMed+PubTator3"
"ND5","4540",1,"27055661","cancer","PubMed+PubTator3"
"NECAP2","55707",1,"30523707","cancer","PubMed+PubTator3"
"NEGR1","257194",1,"28235956","cancer","PubMed+PubTator3"
"neurofibromin","4763",1,"35702826","cancer","PubMed+PubTator3"
"neurofibromin 1","4763",1,"33419800","cancer","PubMed+PubTator3"
"NF-kappaBeta","4790",1,"20164920","cancer","PubMed+PubTator3"
"NFATc4","73181",1,"26408534","cancer","PubMed+PubTator3"
"NFkappaB p65","5970",1,"22930530","cancer","PubMed+PubTator3"
"NFKB1","4790",1,"26110572","cancer","PubMed+PubTator3"
"NIPSNAP3A","25934",1,"41006377","cancer","PubMed+PubTator3"
"NKAIN2","154215",1,"27588475","cancer","PubMed+PubTator3"
"NLRP7","199713",1,"33319857","cancer","PubMed+PubTator3"
"NOL3","8996",1,"22363440","cancer","PubMed+PubTator3"
"NPAS2","4862",1,"19457610","cancer","PubMed+PubTator3"
"NRF1","4779",1,"33214551","cancer","PubMed+PubTator3"
"NRF2","4780",1,"38659038","cancer","PubMed+PubTator3"
"NSD1","64324",1,"25631445","cancer","PubMed+PubTator3"
"NTN1","9423",1,"25572802","cancer","PubMed+PubTator3"
"NTN4","59277",1,"32871102","cancer","PubMed+PubTator3"
"NTRK4","780",1,"23302999","cancer","PubMed+PubTator3"
"nuclear factor erythroid 2-related factor 2","4780",1,"38659038","cancer","PubMed+PubTator3"
"nuclear factor erythroid 2-related factor-1","4779",1,"33214551","cancer","PubMed+PubTator3"
"NUDT11","55190",1,"22730461","cancer","PubMed+PubTator3"
"NUDT5","11164",1,"28339086","cancer","PubMed+PubTator3"
"NUP21","91181",1,"38697998","cancer","PubMed+PubTator3"
"O-GlcNAc","8473",1,"33214551","cancer","PubMed+PubTator3"
"OIP5","11339",1,"22129094","cancer","PubMed+PubTator3"
"OLFM4","10562",1,"33258187","cancer","PubMed+PubTator3"
"Opa interacting protein 5","11339",1,"22129094","cancer","PubMed+PubTator3"
"OSBPL2","9885",1,"33258187","cancer","PubMed+PubTator3"
"OTOA","146183",1,"30289875","cancer","PubMed+PubTator3"
"OTUD4","54726",1,"32812852","cancer","PubMed+PubTator3"
"Oxr1","170719",1,"39067134","cancer","PubMed+PubTator3"
"p16","1029",1,"8945609","cancer","PubMed+PubTator3"
"p21","644914",1,"8945609","cancer","PubMed+PubTator3"
"P29","25949",1,"17171680","cancer","PubMed+PubTator3"
"p38 MAPK","26416",1,"26408534","cancer","PubMed+PubTator3"
"p73","7161",1,"16438707","cancer","PubMed+PubTator3"
"paired box protein 9","5083",1,"34341073","cancer","PubMed+PubTator3"
"PAK4","10298",1,"25256751","cancer","PubMed+PubTator3"
"pancreas-specific transcription factor 1a","19213",1,"26382709","cancer","PubMed+PubTator3"
"pancreatic lipase","5406",1,"28198679","cancer","PubMed+PubTator3"
"PARD3","56288",1,"33909040","cancer","PubMed+PubTator3"
"PARK2","5071",1,"31278746","cancer","PubMed+PubTator3"
"PARP","142",1,"38098088","cancer","PubMed+PubTator3"
"PAX8","7849",1,"32332753","cancer","PubMed+PubTator3"
"PAX9","5083",1,"34341073","cancer","PubMed+PubTator3"
"PCDH17","27253",1,"28339086","cancer","PubMed+PubTator3"
"PCDH7","5099",1,"41415280","cancer","PubMed+PubTator3"
"PCDHA4","56144",1,"27842508","cancer","PubMed+PubTator3"
"PCDHGB4","8641",1,"28339086","cancer","PubMed+PubTator3"
"PCMTD1","115294",1,"28339086","cancer","PubMed+PubTator3"
"PD-1","18566",1,"34774008","cancer","PubMed+PubTator3"
"PD1","5133",1,"41168822","cancer","PubMed+PubTator3"
"PDE4DIP","9659",1,"33419800","cancer","PubMed+PubTator3"
"PDE7B","27115",1,"37632791","cancer","PubMed+PubTator3"
"PDGFB","5155",1,"40936758","cancer","PubMed+PubTator3"
"PDGFRA","5156",1,"30446580","cancer","PubMed+PubTator3"
"PDGFRB","5159",1,"30446580","cancer","PubMed+PubTator3"
"PDIA3","2923",1,"40038097","cancer","PubMed+PubTator3"
"PENK","5179",1,"22457049","cancer","PubMed+PubTator3"
"peptidylprolyl isomerase H","10465",1,"40895540","cancer","PubMed+PubTator3"
"PER3","8863",1,"25187986","cancer","PubMed+PubTator3"
"pERK","9451",1,"34167951","cancer","PubMed+PubTator3"
"Pfkfb2","18640",1,"39067134","cancer","PubMed+PubTator3"
"PGAP3","93210",1,"39002386","cancer","PubMed+PubTator3"
"PGCP","10404",1,"23171949","cancer","PubMed+PubTator3"
"PHB","5245",1,"39324133","cancer","PubMed+PubTator3"
"PHF20","51230",1,"33258187","cancer","PubMed+PubTator3"
"PHF20L1","51105",1,"22174824","cancer","PubMed+PubTator3"
"phosphodiesterase 4D interacting protein","9659",1,"33419800","cancer","PubMed+PubTator3"
"phosphoinositide 3-kinase","5293",1,"21398405","cancer","PubMed+PubTator3"
"PI3K","5291",1,"41310897","cancer","PubMed+PubTator3"
"PIK3C2B","5287",1,"39878408","cancer","PubMed+PubTator3"
"PIK3C3","5289",1,"28223168","cancer","PubMed+PubTator3"
"PIK3CD","5293",1,"33229445","cancer","PubMed+PubTator3"
"PIK3R3","8503",1,"25719666","cancer","PubMed+PubTator3"
"PIP4K2A","5305",1,"39623312","cancer","PubMed+PubTator3"
"PKM","5315",1,"24077665","cancer","PubMed+PubTator3"
"PKM2","5315",1,"24077665","cancer","PubMed+PubTator3"
"PLAU","5328",1,"38761291","cancer","PubMed+PubTator3"
"PLEKHS1","79949",1,"25261935","cancer","PubMed+PubTator3"
"PLG","5340",1,"41270069","cancer","PubMed+PubTator3"
"PLLP","51090",1,"39872525","cancer","PubMed+PubTator3"
"Plxna2","18845",1,"39067134","cancer","PubMed+PubTator3"
"PMEPA1","56937",1,"23158542","cancer","PubMed+PubTator3"
"PMS2","5395",1,"24448331","cancer","PubMed+PubTator3"
"PNLIP","5406",1,"28198679","cancer","PubMed+PubTator3"
"POGLUT3","143888",1,"38878676","cancer","PubMed+PubTator3"
"POLI","11201",1,"41188790","cancer","PubMed+PubTator3"
"poly ADP-ribose polymerase","142",1,"38098088","cancer","PubMed+PubTator3"
"POP4","10775",1,"22174824","cancer","PubMed+PubTator3"
"POSTN","10631",1,"33280513","cancer","PubMed+PubTator3"
"POU class 3 homeobox 2","5454",1,"25395235","cancer","PubMed+PubTator3"
"POU3F2","5454",1,"25395235","cancer","PubMed+PubTator3"
"POU4F2","5458",1,"19457610","cancer","PubMed+PubTator3"
"PPA2","27068",1,"38878676","cancer","PubMed+PubTator3"
"PPAR","5465",1,"31684858","cancer","PubMed+PubTator3"
"PPARA","5465",1,"22930530","cancer","PubMed+PubTator3"
"PPARgamma","5468",1,"28886127","cancer","PubMed+PubTator3"
"PPIH","10465",1,"40895540","cancer","PubMed+PubTator3"
"PPIP5K2","23262",1,"39002386","cancer","PubMed+PubTator3"
"PPP1R10","5514",1,"40205015","cancer","PubMed+PubTator3"
"PPP1R2","5504",1,"39789109","cancer","PubMed+PubTator3"
"PPP2R2A","5520",1,"22522925","cancer","PubMed+PubTator3"
"PR","5241",1,"27386569","cancer","PubMed+PubTator3"
"pRB","5925",1,"34308964","cancer","PubMed+PubTator3"
"PRC1","9055",1,"39002386","cancer","PubMed+PubTator3"
"PRDM6","93166",1,"28726821","cancer","PubMed+PubTator3"
"PRDX1","5052",1,"22445993","cancer","PubMed+PubTator3"
"pregnane X receptor","8856",1,"16584379","cancer","PubMed+PubTator3"
"PRKACB","5567",1,"22034905","cancer","PubMed+PubTator3"
"PRKACG","5568",1,"30289875","cancer","PubMed+PubTator3"
"PRMT8","56341",1,"30289875","cancer","PubMed+PubTator3"
"PROCR","10544",1,"25572802","cancer","PubMed+PubTator3"
"programmed cell death protein 1","5133",1,"41168822","cancer","PubMed+PubTator3"
"prostate-specific antigen","354",1,"38845201","cancer","PubMed+PubTator3"
"Prostate-Specific Antigen","354",1,"38845201","cancer","PubMed+PubTator3"
"protocadherin alpha4","56144",1,"27842508","cancer","PubMed+PubTator3"
"PROX1","5629",1,"21493669","cancer","PubMed+PubTator3"
"PRSS12","8492",1,"27599611","cancer","PubMed+PubTator3"
"PSA","354",1,"38845201","cancer","PubMed+PubTator3"
"PSAT1","29968",1,"39872525","cancer","PubMed+PubTator3"
"PSG11","5680",1,"25551281","cancer","PubMed+PubTator3"
"PSRC1","84722",1,"39872525","cancer","PubMed+PubTator3"
"PTBP1","5725",1,"25913416","cancer","PubMed+PubTator3"
"PTK2B","2185",1,"32812852","cancer","PubMed+PubTator3"
"PTPN13","5783",1,"26683690","cancer","PubMed+PubTator3"
"PTPRM","5797",1,"26683690","cancer","PubMed+PubTator3"
"PVRIG","79037",1,"37542274","cancer","PubMed+PubTator3"
"PVT1","5820",1,"28719033","cancer","PubMed+PubTator3"
"PXR","8856",1,"16584379","cancer","PubMed+PubTator3"
"Pyk2","2185",1,"27367190","cancer","PubMed+PubTator3"
"PYY","5697",1,"38878676","cancer","PubMed+PubTator3"
"QKI","9444",1,"25913416","cancer","PubMed+PubTator3"
"RAB25","57111",1,"22174824","cancer","PubMed+PubTator3"
"RACGAP1","29127",1,"32616754","cancer","PubMed+PubTator3"
"RAD51D","5892",1,"29360550","cancer","PubMed+PubTator3"
"RAF","22882",1,"23171949","cancer","PubMed+PubTator3"
"Raf1","5894",1,"22129094","cancer","PubMed+PubTator3"
"Ramp1","51801",1,"39067134","cancer","PubMed+PubTator3"
"RASA1","5921",1,"35702826","cancer","PubMed+PubTator3"
"RASSF8","11228",1,"25650807","cancer","PubMed+PubTator3"
"Rb1","19645",1,"22941188","cancer","PubMed+PubTator3"
"RBFOX1","54715",1,"28188128","cancer","PubMed+PubTator3"
"RBM 8A","9939",1,"29936137","cancer","PubMed+PubTator3"
"RBM25","58517",1,"34839022","cancer","PubMed+PubTator3"
"RBM5","10181",1,"25934800","cancer","PubMed+PubTator3"
"RBMS1","5937",1,"25798919","cancer","PubMed+PubTator3"
"RCC2","55920",1,"40129067","cancer","PubMed+PubTator3"
"RCCD1","91433",1,"28362817","cancer","PubMed+PubTator3"
"REG1A","5967",1,"36116415","cancer","PubMed+PubTator3"
"regulatory factor X-1","5989",1,"25395235","cancer","PubMed+PubTator3"
"RELA","5970",1,"26110572","cancer","PubMed+PubTator3"
"RELN","5649",1,"22980976","cancer","PubMed+PubTator3"
"REN","5972",1,"19457610","cancer","PubMed+PubTator3"
"REP15","387849",1,"32573269","cancer","PubMed+PubTator3"
"Rer1","67830",1,"39067134","cancer","PubMed+PubTator3"
"RET","5979",1,"39126824","cancer","PubMed+PubTator3"
"RFX1","5989",1,"25395235","cancer","PubMed+PubTator3"
"RFX2","5990",1,"25798919","cancer","PubMed+PubTator3"
"RFX6","222546",1,"26398868","cancer","PubMed+PubTator3"
"RGMB","285704",1,"27671336","cancer","PubMed+PubTator3"
"RhoA","387",1,"41310897","cancer","PubMed+PubTator3"
"Rhobtb1","69288",1,"39067134","cancer","PubMed+PubTator3"
"RHPN2","85415",1,"41540004","cancer","PubMed+PubTator3"
"RIF1","55183",1,"41188790","cancer","PubMed+PubTator3"
"RIMKLB","57494",1,"27599611","cancer","PubMed+PubTator3"
"RNF38","152006",1,"36812239","cancer","PubMed+PubTator3"
"RNF43","54894",1,"35180847","cancer","PubMed+PubTator3"
"Rnr3","854744",1,"25721128","cancer","PubMed+PubTator3"
"RNR3","854744",1,"25721128","cancer","PubMed+PubTator3"
"ROBO2","6092",1,"25719666","cancer","PubMed+PubTator3"
"ROS1","6098",1,"22980976","cancer","PubMed+PubTator3"
"RPL41","6171",1,"34839022","cancer","PubMed+PubTator3"
"Rprd1b","70470",1,"39067134","cancer","PubMed+PubTator3"
"RPS18","6222",1,"39623312","cancer","PubMed+PubTator3"
"RPS6KA3","6197",1,"26099527","cancer","PubMed+PubTator3"
"Rras2","66922",1,"26168291","cancer","PubMed+PubTator3"
"RRAS2","22800",1,"28223168","cancer","PubMed+PubTator3"
"RRM2","6241",1,"32902196","cancer","PubMed+PubTator3"
"RSPO1","284654",1,"34965383","cancer","PubMed+PubTator3"
"RSPO3","84870",1,"34021172","cancer","PubMed+PubTator3"
"RUNX1","861",1,"30289875","cancer","PubMed+PubTator3"
"RUNX3","864",1,"17171680","cancer","PubMed+PubTator3"
"RUVBL1","56505",1,"37541187","cancer","PubMed+PubTator3"
"RXRA","6256",1,"28583088","cancer","PubMed+PubTator3"
"RYR3","6263",1,"29408647","cancer","PubMed+PubTator3"
"SAMMSON","101927152",1,"28128360","cancer","PubMed+PubTator3"
"SCP2","6342",1,"39878408","cancer","PubMed+PubTator3"
"SDC1","6382",1,"36116415","cancer","PubMed+PubTator3"
"SDHD","6392",1,"25261935","cancer","PubMed+PubTator3"
"SEC24B","10427",1,"32812852","cancer","PubMed+PubTator3"
"secret phosphoprotein 1","NA",1,"34308964","cancer","PubMed+PubTator3"
"secreted phosphoprotein 1","6696",1,"41713536","cancer","PubMed+PubTator3"
"Secreted Protein Acidic and Cysteine Rich","6678",1,"38287261","cancer","PubMed+PubTator3"
"SECTM1","6398",1,"39878408","cancer","PubMed+PubTator3"
"SEMA3D","223117",1,"25581428","cancer","PubMed+PubTator3"
"SEMA4A","64218",1,"41415280","cancer","PubMed+PubTator3"
"SEMA4D","10507",1,"40447568","cancer","PubMed+PubTator3"
"Sepsecs","211006",1,"39067134","cancer","PubMed+PubTator3"
"Serine/Threonine Kinase 24","8428",1,"41168822","cancer","PubMed+PubTator3"
"serine/threonine protein kinase","150094",1,"36116415","cancer","PubMed+PubTator3"
"SERPINB5","5268",1,"32079541","cancer","PubMed+PubTator3"
"SERPINH1","871",1,"25572802","cancer","PubMed+PubTator3"
"SETD1B","23067",1,"24670651","cancer","PubMed+PubTator3"
"sex hormone-binding globulin","6462",1,"33595913","cancer","PubMed+PubTator3"
"SF3B1","23451",1,"28188128","cancer","PubMed+PubTator3"
"SFRP1","6422",1,"23302999","cancer","PubMed+PubTator3"
"SFRS2","6427",1,"25913416","cancer","PubMed+PubTator3"
"SGOL1","151648",1,"26642714","cancer","PubMed+PubTator3"
"SH2D1B","117157",1,"41373777","cancer","PubMed+PubTator3"
"SHBG","6462",1,"33595913","cancer","PubMed+PubTator3"
"SHH","6469",1,"40129067","cancer","PubMed+PubTator3"
"SHOX2","6474",1,"35414113","cancer","PubMed+PubTator3"
"SHPRH","257218",1,"38890444","cancer","PubMed+PubTator3"
"SIM2","6493",1,"40059124","cancer","PubMed+PubTator3"
"SIN3","25942",1,"28886127","cancer","PubMed+PubTator3"
"SKA1","220134",1,"32902196","cancer","PubMed+PubTator3"
"SKA3","221150",1,"32902196","cancer","PubMed+PubTator3"
"SKAP1","8631",1,"34675350","cancer","PubMed+PubTator3"
"Skp2","6502",1,"39324133","cancer","PubMed+PubTator3"
"SLC22A3","6581",1,"22730461","cancer","PubMed+PubTator3"
"SLC2A1","6513",1,"41415280","cancer","PubMed+PubTator3"
"SLC30A10","55532",1,"34021172","cancer","PubMed+PubTator3"
"SLC30A8","169026",1,"23884293","cancer","PubMed+PubTator3"
"SLC38A3","10991",1,"40554679","cancer","PubMed+PubTator3"
"SLC39A1","27173",1,"39878408","cancer","PubMed+PubTator3"
"SLC39A3","29985",1,"39789109","cancer","PubMed+PubTator3"
"SLC7A5","8140",1,"26683690","cancer","PubMed+PubTator3"
"SLFN11","91607",1,"31278746","cancer","PubMed+PubTator3"
"SLIT2","9353",1,"22941188","cancer","PubMed+PubTator3"
"SLITRK1","114798",1,"27671336","cancer","PubMed+PubTator3"
"SLK","9748",1,"39910817","cancer","PubMed+PubTator3"
"SLPI","6590",1,"22445993","cancer","PubMed+PubTator3"
"SMAD3","4088",1,"36812239","cancer","PubMed+PubTator3"
"SMAD6","4091",1,"26683690","cancer","PubMed+PubTator3"
"SMARCD1","6602",1,"33319857","cancer","PubMed+PubTator3"
"SMC2","10592",1,"39002386","cancer","PubMed+PubTator3"
"SMC4","10051",1,"32616754","cancer","PubMed+PubTator3"
"SMO","6608",1,"40129067","cancer","PubMed+PubTator3"
"SMR","147719",1,"41231350","cancer","PubMed+PubTator3"
"SNF2 Histone Linker PHD RING Helicase","257218",1,"38890444","cancer","PubMed+PubTator3"
"SNIP1","79753",1,"34965383","cancer","PubMed+PubTator3"
"SNN","8303",1,"25572802","cancer","PubMed+PubTator3"
"SNX6","58533",1,"28339086","cancer","PubMed+PubTator3"
"sonic hedgehog","6469",1,"40129067","cancer","PubMed+PubTator3"
"SOX17","64321",1,"33135729","cancer","PubMed+PubTator3"
"SOX2","6657",1,"28719033","cancer","PubMed+PubTator3"
"SOX2-OT","347689",1,"28719033","cancer","PubMed+PubTator3"
"SOX9","6662",1,"22665440","cancer","PubMed+PubTator3"
"SPARC","6678",1,"38287261","cancer","PubMed+PubTator3"
"SPDYA","245711",1,"22457049","cancer","PubMed+PubTator3"
"SPHKAP","80309",1,"22479372","cancer","PubMed+PubTator3"
"SPX","80763",1,"41231350","cancer","PubMed+PubTator3"
"SREK1","140890",1,"36194576","cancer","PubMed+PubTator3"
"SRSF1","6426",1,"29936137","cancer","PubMed+PubTator3"
"SRSF5","6430",1,"33142748","cancer","PubMed+PubTator3"
"STARD3","10948",1,"39002386","cancer","PubMed+PubTator3"
"Stat3","20848",1,"25539728","cancer","PubMed+PubTator3"
"STK24","8428",1,"41168822","cancer","PubMed+PubTator3"
"STN1","79991",1,"39910817","cancer","PubMed+PubTator3"
"STX1B","112755",1,"29378629","cancer","PubMed+PubTator3"
"STX2","2054",1,"40755754","cancer","PubMed+PubTator3"
"Stx6","58244",1,"39067134","cancer","PubMed+PubTator3"
"STXBP5","134957",1,"27338266","cancer","PubMed+PubTator3"
"SUPT4H1","6827",1,"39878408","cancer","PubMed+PubTator3"
"SUV39H1","6839",1,"26136424","cancer","PubMed+PubTator3"
"SUV39H2","79723",1,"26136424","cancer","PubMed+PubTator3"
"SUZ12","23512",1,"27461342","cancer","PubMed+PubTator3"
"SYK","6850",1,"22237022","cancer","PubMed+PubTator3"
"TACC1","6867",1,"39878408","cancer","PubMed+PubTator3"
"TAGAP","117289",1,"39878408","cancer","PubMed+PubTator3"
"TAL1","6886",1,"28854983","cancer","PubMed+PubTator3"
"TAPBP","6892",1,"41270069","cancer","PubMed+PubTator3"
"Tbc1d31","210544",1,"39067134","cancer","PubMed+PubTator3"
"TBC1D5","9779",1,"17171680","cancer","PubMed+PubTator3"
"TCF3","6929",1,"17344859","cancer","PubMed+PubTator3"
"TCF7L2","6934",1,"16804532","cancer","PubMed+PubTator3"
"TCR","6962",1,"22522925","cancer","PubMed+PubTator3"
"TDO2","6999",1,"40175565","cancer","PubMed+PubTator3"
"TEAD1","7003",1,"41415280","cancer","PubMed+PubTator3"
"TEAD3","7005",1,"40205015","cancer","PubMed+PubTator3"
"TEAD4","7004",1,"32332753","cancer","PubMed+PubTator3"
"Telomerase reverse transcriptase","7015",1,"30912334","cancer","PubMed+PubTator3"
"TET1","80312",1,"41415280","cancer","PubMed+PubTator3"
"tetherin","684",1,"39420005","cancer","PubMed+PubTator3"
"TEX14","56155",1,"30289875","cancer","PubMed+PubTator3"
"TFAP2B","7021",1,"40274661","cancer","PubMed+PubTator3"
"TFAP4","7023",1,"28195176","cancer","PubMed+PubTator3"
"TFE3","7030",1,"23038766","cancer","PubMed+PubTator3"
"TFEB","7942",1,"23038766","cancer","PubMed+PubTator3"
"TFR2","7036",1,"39002386","cancer","PubMed+PubTator3"
"TFRC","7037",1,"41067362","cancer","PubMed+PubTator3"
"TGFbetaR2","7048",1,"25579546","cancer","PubMed+PubTator3"
"TGFBR2","7048",1,"35180847","cancer","PubMed+PubTator3"
"THBS1","7057",1,"26829059","cancer","PubMed+PubTator3"
"THRA","7067",1,"19457610","cancer","PubMed+PubTator3"
"thrombospondin-1","7057",1,"26829059","cancer","PubMed+PubTator3"
"THSD1","55901",1,"22664866","cancer","PubMed+PubTator3"
"Thyroid transcription factor-1","7080",1,"31782890","cancer","PubMed+PubTator3"
"TIAR","7073",1,"25913416","cancer","PubMed+PubTator3"
"TIMP1","7076",1,"40936758","cancer","PubMed+PubTator3"
"TIMP4","7079",1,"23302999","cancer","PubMed+PubTator3"
"TK1","7083",1,"39324133","cancer","PubMed+PubTator3"
"TLN1","7094",1,"28339086","cancer","PubMed+PubTator3"
"TLR1","7096",1,"41713536","cancer","PubMed+PubTator3"
"TMEM14C","51522",1,"25572802","cancer","PubMed+PubTator3"
"TMEM67","91147",1,"36194576","cancer","PubMed+PubTator3"
"TMEM79","84283",1,"26237329","cancer","PubMed+PubTator3"
"TMPRSS2","7113",1,"23695551","cancer","PubMed+PubTator3"
"TMPRSS2-","7113",1,"23695551","cancer","PubMed+PubTator3"
"TNF","7124",1,"27034531","cancer","PubMed+PubTator3"
"TNFAIP3","7128",1,"31235759","cancer","PubMed+PubTator3"
"TNFalpha","7124",1,"41713536","cancer","PubMed+PubTator3"
"TNFRSF6B.","8771",1,"39910817","cancer","PubMed+PubTator3"
"TNM","10178",1,"32616754","cancer","PubMed+PubTator3"
"Tnr","21960",1,"39067134","cancer","PubMed+PubTator3"
"TNS4","84951",1,"40059124","cancer","PubMed+PubTator3"
"TOX3","27324",1,"19092773","cancer","PubMed+PubTator3"
"tP53","7157",1,"26683690","cancer","PubMed+PubTator3"
"Tp53","22059",1,"22941188","cancer","PubMed+PubTator3"
"TP53INP2","58476",1,"40755754","cancer","PubMed+PubTator3"
"TP63","8626",1,"32857918","cancer","PubMed+PubTator3"
"TPD52","7163",1,"30243646","cancer","PubMed+PubTator3"
"TPM3","7170",1,"38878676","cancer","PubMed+PubTator3"
"TPP1","1200",1,"23884293","cancer","PubMed+PubTator3"
"TRAF1","7185",1,"39878408","cancer","PubMed+PubTator3"
"TRAF3","7187",1,"25631445","cancer","PubMed+PubTator3"
"Traf3ip1","74019",1,"39067134","cancer","PubMed+PubTator3"
"transferrin receptor","7037",1,"41067362","cancer","PubMed+PubTator3"
"TRIM59","286827",1,"39878408","cancer","PubMed+PubTator3"
"TRIP13","9319",1,"39324133","cancer","PubMed+PubTator3"
"Trmt1l","98685",1,"39067134","cancer","PubMed+PubTator3"
"TROAP","10024",1,"39324133","cancer","PubMed+PubTator3"
"TRPM2","7226",1,"38761291","cancer","PubMed+PubTator3"
"Tsen15","66637",1,"39067134","cancer","PubMed+PubTator3"
"TSPO","706",1,"39878408","cancer","PubMed+PubTator3"
"TTF-1","7270",1,"31782890","cancer","PubMed+PubTator3"
"Tti1","75425",1,"39067134","cancer","PubMed+PubTator3"
"TTN","7273",1,"35550340","cancer","PubMed+PubTator3"
"TUBB","203068",1,"40205015","cancer","PubMed+PubTator3"
"TUSC5","286753",1,"23302999","cancer","PubMed+PubTator3"
"TXN","7295",1,"41540004","cancer","PubMed+PubTator3"
"UBB","7314",1,"33142748","cancer","PubMed+PubTator3"
"Ubiquitin C.","7316",1,"26680018","cancer","PubMed+PubTator3"
"Ubr2","224826",1,"25539728","cancer","PubMed+PubTator3"
"UDP-glucuronate decarboxylase 1","80146",1,"38748784","cancer","PubMed+PubTator3"
"UGT1A8","54576",1,"28339086","cancer","PubMed+PubTator3"
"UGT2","7355",1,"33595913","cancer","PubMed+PubTator3"
"UIMC1","51720",1,"32920123","cancer","PubMed+PubTator3"
"UNKL","64718",1,"38502355","cancer","PubMed+PubTator3"
"UPF2","26019",1,"34839022","cancer","PubMed+PubTator3"
"upstream transcription factor 1","7391",1,"25395235","cancer","PubMed+PubTator3"
"UQCRB","7381",1,"22174824","cancer","PubMed+PubTator3"
"USF1","7391",1,"25395235","cancer","PubMed+PubTator3"
"UXS1","80146",1,"38748784","cancer","PubMed+PubTator3"
"VAMP8","8673",1,"40038097","cancer","PubMed+PubTator3"
"vascular endothelial growth factor A","7422",1,"32493953","cancer","PubMed+PubTator3"
"VAV3","10451",1,"20525369","cancer","PubMed+PubTator3"
"VIM","7431",1,"28886127","cancer","PubMed+PubTator3"
"vimentin","7431",1,"28886127","cancer","PubMed+PubTator3"
"vitamin D receptor","7421",1,"16584379","cancer","PubMed+PubTator3"
"VPS13C","54832",1,"28339086","cancer","PubMed+PubTator3"
"VWF","7450",1,"26683690","cancer","PubMed+PubTator3"
"WDPCP","51057",1,"41188790","cancer","PubMed+PubTator3"
"WDR74","54663",1,"25261935","cancer","PubMed+PubTator3"
"WFDC2","10406",1,"33135729","cancer","PubMed+PubTator3"
"WNK1","65125",1,"17578925","cancer","PubMed+PubTator3"
"WNK1-4","65125;65268;65267;65266",1,"17578925","cancer","PubMed+PubTator3"
"WNK2","65268",1,"17578925","cancer","PubMed+PubTator3"
"WNK4","65266",1,"41006377","cancer","PubMed+PubTator3"
"WNT","NA",1,"25631445","cancer","PubMed+PubTator3"
"WWOX","51741",1,"25934800","cancer","PubMed+PubTator3"
"XBP1","7494",1,"39623312","cancer","PubMed+PubTator3"
"YBX2","51087",1,"33638948","cancer","PubMed+PubTator3"
"YIF1B","90522",1,"39878408","cancer","PubMed+PubTator3"
"ZAK","51776",1,"24807215","cancer","PubMed+PubTator3"
"ZBTB7B","51043",1,"39878408","cancer","PubMed+PubTator3"
"ZEB2","9839",1,"25798919","cancer","PubMed+PubTator3"
"ZIC1","7545",1,"29378629","cancer","PubMed+PubTator3"
"ZKSCAN4","387032",1,"41099493","cancer","PubMed+PubTator3"
"ZNF148","7707",1,"39878408","cancer","PubMed+PubTator3"
"ZNF605","100289635",1,"28339086","cancer","PubMed+PubTator3"
"ZNF667","63934",1,"32869528","cancer","PubMed+PubTator3"
"ZNF737","100129842",1,"39789109","cancer","PubMed+PubTator3"
"ZNF793","390927",1,"39878408","cancer","PubMed+PubTator3"
"ZSCAN12","9753",1,"32332753","cancer","PubMed+PubTator3"
"ZSCAN16","80345",1,"32332753","cancer","PubMed+PubTator3"
"ZSCAN29","146050",1,"28339086","cancer","PubMed+PubTator3"
