"PMID","Title","Journal","Year"
"23000897","Comprehensive molecular portraits of human breast tumours.","Nature","2012"
"28726821","The whole-genome landscape of medulloblastoma subtypes.","Nature","2017"
"22522925","The genomic and transcriptomic architecture of 2,000 breast tumours reveals novel subgroups.","Nature","2012"
"25631445","Comprehensive genomic characterization of head and neck squamous cell carcinomas.","Nature","2015"
"32778778","A compendium of mutational cancer driver genes.","Nature reviews. Cancer","2020"
"19360079","The cancer genome.","Nature","2009"
"26099527","Genetic Landscape and Biomarkers of Hepatocellular Carcinoma.","Gastroenterology","2015"
"29566657","Germline breast cancer susceptibility gene mutations and breast cancer outcomes.","BMC cancer","2018"
"20164920","The landscape of somatic copy-number alteration across human cancers.","Nature","2010"
"35545680","Fundamental immune-oncogenicity trade-offs define driver mutation fitness.","Nature","2022"
"27135926","Landscape of somatic mutations in 560 breast cancer whole-genome sequences.","Nature","2016"
"17344846","Patterns of somatic mutation in human cancer genomes.","Nature","2007"
"25719666","Whole genomes redefine the mutational landscape of pancreatic cancer.","Nature","2015"
"14987381","Breast cancer gene discovery.","Expert reviews in molecular medicine","2002"
"29248888","Genetics and genomics of breast fibroadenomas.","Journal of clinical pathology","2018"
"24670651","Identification of genomic alterations in oesophageal squamous cell cancer.","Nature","2014"
"26462514","[Genes associated to cancer].","Revista medica del Instituto Mexicano del Seguro Social","2015"
"35627162","Inferring Potential Cancer Driving Synonymous Variants.","Genes","2022"
"29360550","Genomic characterization of biliary tract cancers identifies driver genes and predisposing mutations.","Journal of hepatology","2018"
"28498882","Mutational signatures and mutable motifs in cancer genomes.","Briefings in bioinformatics","2018"
"37721477","Neo-Darwinian Principles Exemplified in Cancer Genomics.","Molecular cancer research : MCR","2023"
"23180760","Genomics of Drug Sensitivity in Cancer (GDSC): a resource for therapeutic biomarker discovery in cancer cells.","Nucleic acids research","2013"
"12353948","The genetics of colorectal cancer.","Annals of internal medicine","2002"
"38748784","HiChIP-Based Epigenomic Footprinting Identifies a Promoter Variant of UXS1 That Confers Genetic Susceptibility to Gastroesophageal Cancer.","Cancer research","2024"
"20517688","Genetics and genomics of neuroblastoma.","Cancer treatment and research","2010"
"35655332","Structural Variation in Cancer: Role, Prevalence, and Mechanisms.","Annual review of genomics and human genetics","2022"
"27815544","Functional Genomic Characterization of Cancer Genomes.","Cold Spring Harbor symposia on quantitative biology","2016"
"31991614","Prognosis, Biology, and Targeting of TP53 Dysregulation in Multiple Myeloma.","Cells","2020"
"37550388","Mutational landscape of cancer-driver genes across human cancers.","Scientific reports","2023"
"16857815","Genomic approaches to lung cancer.","Clinical cancer research : an official journal of the American Association for Cancer Research","2006"
"25781572","Genomics in acute lymphoblastic leukaemia: insights and treatment implications.","Nature reviews. Clinical oncology","2015"
"22670605","Patents in the era of genomics: an overview.","Recent patents on DNA & gene sequences","2012"
"12610533","The genetics and genomics of cancer.","Nature genetics","2003"
"19092773","Breast cancer susceptibility: current knowledge and implications for genetic counselling.","European journal of human genetics : EJHG","2009"
"38091511","DriverMP enables improved identification of cancer driver genes.","GigaScience","2022"
"38862995","Mechanism of ERBB2 gene overexpression by the formation of super-enhancer with genomic structural abnormalities in lung adenocarcinoma without clinically actionable genetic alterations.","Molecular cancer","2024"
"25584892","Biological and therapeutic impact of intratumor heterogeneity in cancer evolution.","Cancer cell","2015"
"38200255","Insights for precision oncology from the integration of genomic and clinical data of 13,880 tumors from the 100,000 Genomes Cancer Programme.","Nature medicine","2024"
"35593700","Individualized discovery of rare cancer drivers in global network context.","eLife","2022"
"18692126","Design and analysis issues in genome-wide somatic mutation studies of cancer.","Genomics","2009"
"11678779","Polymorphisms of CYP2A6 and its practical consequences.","British journal of clinical pharmacology","2001"
"29777908","Breast cancer in the GCC countries: A focus on BRCA1/2 and non-BRCA1/2 genes.","Gene","2018"
"29695767","Cutaneous neurofibromas in the genomics era: current understanding and open questions.","British journal of cancer","2018"
"31264434","Evolving Role of Genomics in Genitourinary Neoplasms.","Acta medica academica","2019"
"22534183","Genome sequencing and cancer.","Current opinion in genetics & development","2012"
"25131793","Sequencing approaches in cancer treatment.","Cell proliferation","2014"
"18691651","Functional genomics of cancer.","Current opinion in genetics & development","2008"
"24390350","Discovery and saturation analysis of cancer genes across 21 tumour types.","Nature","2014"
"26323482","Navigating yeast genome maintenance with functional genomics.","Briefings in functional genomics","2016"
"20521217","Functional genomics and cancer drug target discovery.","Current opinion in molecular therapeutics","2010"
"25877891","Personalized genomic analyses for cancer mutation discovery and interpretation.","Science translational medicine","2015"
"29666306","Truncation- and motif-based pan-cancer analysis reveals tumor-suppressing kinases.","Science signaling","2018"
"30872516","The genomic landscape of pediatric cancers: Implications for diagnosis and treatment.","Science (New York, N.Y.)","2019"
"27530686","Exploring cancer genomic data from the cancer genome atlas project.","BMB reports","2016"
"28694034","Insertion-and-deletion-derived tumour-specific neoantigens and the immunogenic phenotype: a pan-cancer analysis.","The Lancet. Oncology","2017"
"35079034","Predicting clinical outcomes of cancer patients with a p53 deficiency gene signature.","Scientific reports","2022"
"18425819","Lung cancer epigenetics and genetics.","International journal of cancer","2008"
"34261517","Haplotype-resolved germline and somatic alterations in renal medullary carcinomas.","Genome medicine","2021"
"27797769","Cancer driver gene discovery through an integrative genomics approach in a non-parametric Bayesian framework.","Bioinformatics (Oxford, England)","2017"
"35512388","Detection of oncogenic and clinically actionable mutations in cancer genomes critically depends on variant calling tools.","Bioinformatics (Oxford, England)","2022"
"28957656","Network-Based Coverage of Mutational Profiles Reveals Cancer Genes.","Cell systems","2017"
"40554679","Integrated functional genomics-identified DEAF1 in oxidative stress and hepatocellular carcinoma development.","Carcinogenesis","2025"
"36812239","Long-read sequencing identifies novel structural variations in colorectal cancer.","PLoS genetics","2023"
"37904244","MGA-seq: robust identification of extrachromosomal DNA and genetic variants using multiple genetic abnormality sequencing.","Genome biology","2023"
"22904074","Functional impact bias reveals cancer drivers.","Nucleic acids research","2012"
"32472759","Beyond the coding genome: non-coding mutations and cancer.","Frontiers in bioscience (Landmark edition)","2020"
"36717859","Pan-cancer onco-signatures reveal a novel mitochondrial subtype of luminal breast cancer with specific regulators.","Journal of translational medicine","2023"
"32641106","The MLH1 polymorphism rs1800734 and risk of endometrial cancer with microsatellite instability.","Clinical epigenetics","2020"
"29106416","Bayesian inference of negative and positive selection in human cancers.","Nature genetics","2017"
"26519468","ccmGDB: a database for cancer cell metabolism genes.","Nucleic acids research","2016"
"33419800","Genomic Sequencing of Cancer-related Genes in Sinonasal Squamous Cell Carcinoma and Coexisting Inverted Papilloma.","Anticancer research","2021"
"17134962","Finding genes that underlie cancer using genetic tools.","Clinical & translational oncology : official publication of the Federation of Spanish Oncology Societies and of the National Cancer Institute of Mexico","2006"
"35099519","GenomeTornadoPlot: a novel R package for CNV visualization and focality analysis.","Bioinformatics (Oxford, England)","2022"
"34302033","Genomic alterations and possible druggable mutations in carcinoma of unknown primary (CUP).","Scientific reports","2021"
"21115419","[Gene polymorphisms].","Bulletin du cancer","2010"
"16438707","Comparative analysis of cancer genes in the human and chimpanzee genomes.","BMC genomics","2006"
"25232094","Human germline and pan-cancer variomes and their distinct functional profiles.","Nucleic acids research","2014"
"21370076","Database resources for proteomics-based analysis of cancer.","Methods in molecular biology (Clifton, N.J.)","2011"
"28147217","CCG: an integrative resource of cancer protein-coding genes and long noncoding RNAs.","Discovery medicine","2016"
"32573269","Multi-omics analysis to identify driving factors in colorectal cancer.","Epigenomics","2020"
"30864654","Haplotype-resolved and integrated genome analysis of the cancer cell line HepG2.","Nucleic acids research","2019"
"32124310","Ensemble-Based Somatic Mutation Calling in Cancer Genomes.","Methods in molecular biology (Clifton, N.J.)","2020"
"30912334","Genomic Characterization of Differentiated Thyroid Carcinoma.","Endocrinology and metabolism (Seoul, Korea)","2019"
"23265383","The mitochondrial and autosomal mutation landscapes of prostate cancer.","European urology","2013"
"23700467","Targeted sequencing of cancer-related genes in colorectal cancer using next-generation sequencing.","PloS one","2013"
"31729402","Identification of candidate cancer drivers by integrative Epi-DNA and Gene Expression (iEDGE) data analysis.","Scientific reports","2019"
"19918804","Our changing view of the genomic landscape of cancer.","The Journal of pathology","2010"
"26796307","Mutations of Chromatin Structure Regulating Genes in Human Malignancies.","Current protein & peptide science","2016"
"35579340","PersonaDrive: a method for the identification and prioritization of personalized cancer drivers.","Bioinformatics (Oxford, England)","2022"
"27453575","Integrative Functional Genomics Implicates EPB41 Dysregulation in Hepatocellular Carcinoma Risk.","American journal of human genetics","2016"
"36433963","Genomic disparities between cancers in adolescent and young adults and in older adults.","Nature communications","2022"
"23038766","Genetic basis of kidney cancer: role of genomics for the development of disease-based therapeutics.","Genome research","2012"
"34997044","Novel ratio-metric features enable the identification of new driver genes across cancer types.","Scientific reports","2022"
"33731882","A survey of cancer genome signatures identifies genes connected to distinct chromosomal instability phenotypes.","The pharmacogenomics journal","2021"
"35180847","The genetic landscape of pancreatic head ductal adenocarcinoma in China and prognosis stratification.","BMC cancer","2022"
"31774481","A comparative study of multi-omics integration tools for cancer driver gene identification and tumour subtyping.","Briefings in bioinformatics","2020"
"33638948","Integrative analysis of genomic, epigenomic and transcriptomic data identified molecular subtypes of esophageal carcinoma.","Aging","2021"
"20393554","International network of cancer genome projects.","Nature","2010"
"33117405","The Genome in a Three-Dimensional Context: Deciphering the Contribution of Noncoding Mutations at Enhancers to Blood Cancer.","Frontiers in immunology","2020"
"35702826","Prognostic features and comprehensive genomic analysis of NF1 mutations in EGFR mutant lung cancer patients.","Cancer medicine","2023"
"9114284","Molecular epidemiology in environmental health: the potential of tumor suppressor gene p53 as a biomarker.","Environmental health perspectives","1997"
"20590430","Profiling the cancer genome.","Annual review of genomics and human genetics","2010"
"33309969","KatzDriver: A network based method to cancer causal genes discovery in gene regulatory network.","Bio Systems","2021"
"35396271","Contribution of large genomic rearrangements in PALB2 to familial breast cancer: implications for genetic testing.","Journal of medical genetics","2023"
"28757263","Genomic and Epigenomic Aberrations in Esophageal Squamous Cell Carcinoma and Implications for Patients.","Gastroenterology","2018"
"27260156","Genomic Copy Number Dictates a Gene-Independent Cell Response to CRISPR/Cas9 Targeting.","Cancer discovery","2016"
"33568770","A novel canine reference genome resolves genomic architecture and uncovers transcript complexity.","Communications biology","2021"
"28056774","Identification of coding and non-coding mutational hotspots in cancer genomes.","BMC genomics","2017"
"17525073","Molecular analysis of deletions in human chromosome 3p21 and the role of resident cancer genes in disease.","Briefings in functional genomics & proteomics","2007"
"29950003","Driver gene mutations based clustering of tumors: methods and applications.","Bioinformatics (Oxford, England)","2018"
"16584379","An integrated biological approach to nuclear receptor signaling in physiological control and disease.","Critical reviews in eukaryotic gene expression","2006"
"30243646","A pan-cancer study of copy number gain and up-regulation in human oncogenes.","Life sciences","2018"
"9575425","Molecular epidemiology of breast cancer.","In vivo (Athens, Greece)","1998"
"25261935","Genome-wide analysis of noncoding regulatory mutations in cancer.","Nature genetics","2014"
"40803317","In silico generation of synthetic cancer genomes using generative AI.","Cell genomics","2025"
"29174369","Analyzing the Genetic Spectrum of Vascular Anomalies with Overgrowth via Cancer Genomics.","The Journal of investigative dermatology","2018"
"30988467","Integrated transcriptomic-genomic tool Texomer profiles cancer tissues.","Nature methods","2019"
"34282050","Functional annotation of noncoding mutations in cancer.","Life science alliance","2021"
"35234551","Reviewing the occurrence of large genomic rearrangements in patients with inherited cancer predisposing syndromes: importance of a comprehensive molecular diagnosis.","Expert review of molecular diagnostics","2022"
"32812852","The Integrated Analyses of Driver Genes Identify Key Biomarkers in Thyroid Cancer.","Technology in cancer research & treatment","2020"
"11882782","NAD(P)H:quinone oxidoreductase (NQO1) polymorphism, exposure to benzene, and predisposition to disease: a HuGE review.","Genetics in medicine : official journal of the American College of Medical Genetics","2002"
"30373548","Predominance of triple wild-type and IGF2R mutations in mucosal melanomas.","BMC cancer","2018"
"33239644","Improving existing analysis pipeline to identify and analyze cancer driver genes using multi-omics data.","Scientific reports","2020"
"15878142","TP53 mutations as biomarkers for cancer epidemiology in Latin America: current knowledge and perspectives.","Mutation research","2005"
"29095100","Rethinking ovarian cancer genomics: where genome-wide association studies stand?","Pharmacogenomics","2017"
"25803826","Use of genome-wide association studies for cancer research and drug repositioning.","PloS one","2015"
"26459856","Jitterbug: somatic and germline transposon insertion detection at single-nucleotide resolution.","BMC genomics","2015"
"15661527","Mutational analysis of gene families in human cancer.","Current opinion in genetics & development","2005"
"32600361","Integration of genomics, metagenomics, and metabolomics to identify interplay between susceptibility alleles and microbiota in adenoma initiation.","BMC cancer","2020"
"27249685","Refining Breast Cancer Risk Stratification: Additional Genes, Additional Information.","American Society of Clinical Oncology educational book. American Society of Clinical Oncology. Annual Meeting","2016"
"34041865","Comparative genomic signatures in young and old Chinese patients with colorectal cancer.","Cancer medicine","2021"
"22300766","VarScan 2: somatic mutation and copy number alteration discovery in cancer by exome sequencing.","Genome research","2012"
"24710071","S-score: a scoring system for the identification and prioritization of predicted cancer genes.","PloS one","2014"
"40264034","Genomic and clinical characterization of HER2 exon 20 mutations in non-small cell lung cancer: insights from a multicenter study in South China.","BMC cancer","2025"
"23884293","Novel insights into breast cancer genetic variance through RNA sequencing.","Scientific reports","2013"
"33229445","Spatial profiling of gastric cancer patient-matched primary and locoregional metastases reveals principles of tumour dissemination.","Gut","2021"
"37541187","Combined CRISPRi and proteomics screening reveal a cohesin-CTCF-bound allele contributing to increased expression of RUVBL1 and prostate cancer progression.","American journal of human genetics","2023"
"24798945","Using common variants to indicate cancer genes.","International journal of cancer","2015"
"27426053","Discovering potential cancer driver genes by an integrated network-based approach.","Molecular bioSystems","2016"
"25551281","Integrative network analysis of TCGA data for ovarian cancer.","BMC systems biology","2014"
"29126202","ActiveDriverDB: human disease mutations and genome variation in post-translational modification sites of proteins.","Nucleic acids research","2018"
"16322257","Human aromatase: gene resequencing and functional genomics.","Cancer research","2005"
"28638988","Same-day genomic and epigenomic diagnosis of brain tumors using real-time nanopore sequencing.","Acta neuropathologica","2017"
"17920230","The APC E1317Q and I1307K polymorphisms in non-colorectal cancers.","Biomedicine & pharmacotherapy = Biomedecine & pharmacotherapie","2007"
"27855189","Genomic and Transcriptomic Alterations Associated with STAT3 Activation in Head and Neck Cancer.","PloS one","2016"
"22684231","BRCA1 and BRCA2 unclassified variants and missense polymorphisms in Algerian breast/ovarian cancer families.","Disease markers","2012"
"40441324","Transformer-based models for uncovering genetic mutations in cancerous and non-cancerous genomes.","Gene","2025"
"26632218","[Diversity in genome and epigenome of Helicobacter pylori].","Nihon saikingaku zasshi. Japanese journal of bacteriology","2015"
"10493247","Somatic alterations and metabolic polymorphisms.","IARC scientific publications","1999"
"36240473","Clinical and Genomic Features of HER2 Exon 20 Insertion Mutations and Characterization of HER2 Expression by Immunohistochemistry in East Asian Non-Small-Cell Lung Cancer.","JCO precision oncology","2022"
"35550340","Comprehensive functional genomic analyses link APC somatic mutation and mRNA-miRNA networks to the clinical outcome of stage-III colorectal cancer patients.","Biomedical journal","2022"
"28188128","Interaction Landscape of Inherited Polymorphisms with Somatic Events in Cancer.","Cancer discovery","2017"
"33319857","Distinct genomic profiles of gestational choriocarcinoma, a unique cancer of pregnant tissues.","Experimental & molecular medicine","2020"
"34197622","Leveraging three-dimensional chromatin architecture for effective reconstruction of enhancer-target gene regulatory interactions.","Nucleic acids research","2021"
"22832384","Genetic variants at 5p12 and risk of breast cancer in Han Chinese.","Journal of human genetics","2012"
"25064568","e-Driver: a novel method to identify protein regions driving cancer.","Bioinformatics (Oxford, England)","2014"
"28683746","Multi-omics of 34 colorectal cancer cell lines - a resource for biomedical studies.","Molecular cancer","2017"
"30959272","Identifying mutated driver pathways in cancer by integrating multi-omics data.","Computational biology and chemistry","2019"
"12776211","Sequence-based cancer genomics: progress, lessons and opportunities.","Nature reviews. Genetics","2003"
"35681111","Genomic Signatures from Clinical Tumor Sequencing in Patients with Breast Cancer Having Germline BRCA1/2 Mutation.","Cancer research and treatment","2023"
"31287869","WITER: a powerful method for estimation of cancer-driver genes using a weighted iterative regression modelling background mutation counts.","Nucleic acids research","2019"
"29378629","An integrative functional genomics framework for effective identification of novel regulatory variants in genome-phenome studies.","Genome medicine","2018"
"20352487","Mutations and polymorphic BRCA variants transmission in breast cancer familial members.","Breast cancer research and treatment","2011"
"20639864","Cross-species genomics matches driver mutations and cell compartments to model ependymoma.","Nature","2010"
"33957863","Systematic interrogation of mutation groupings reveals divergent downstream expression programs within key cancer genes.","BMC bioinformatics","2021"
"26699919","ECGene: A Literature-Based Knowledgebase of Endometrial Cancer Genes.","Human mutation","2016"
"33863344","Cross-oncopanel study reveals high sensitivity and accuracy with overall analytical performance depending on genomic regions.","Genome biology","2021"
"30704472","Comparison of different functional prediction scores using a gene-based permutation model for identifying cancer driver genes.","BMC medical genomics","2019"
"31249063","Estimation of allele-specific fitness effects across human protein-coding sequences and implications for disease.","Genome research","2019"
"23343428","Detecting recurrent gene mutation in interaction network context using multi-scale graph diffusion.","BMC bioinformatics","2013"
"26234679","Functional features of EVI1 and EVI1Δ324 isoforms of MECOM gene in genome-wide transcription regulation and oncogenicity.","Oncogene","2016"
"22441573","Cancer gene prioritization by integrative analysis of mRNA expression and DNA copy number data: a comparative review.","Briefings in bioinformatics","2013"
"28003584","Integrated next-generation sequencing analysis of whole exome and 409 cancer-related genes.","Biomedical research (Tokyo, Japan)","2016"
"31195961","Statistical representation models for mutation information within genomic data.","BMC bioinformatics","2019"
"32374727","The genomic landscape of metastatic breast cancer: Insights from 11,000 tumors.","PloS one","2020"
"40500302","Monitoring the rate and variability of somatic genomic alterations using long-read sequencing.","Scientific reports","2025"
"28339086","Identification of novel mutations in endometrial cancer patients by whole-exome sequencing.","International journal of oncology","2017"
"17344859","Genome-wide analysis of genetic alterations in acute lymphoblastic leukaemia.","Nature","2007"
"38098088","Prevalence of BRCA1, BRCA2, and PALB2 genomic alterations among 924 Taiwanese breast cancer assays with tumor-only targeted sequencing: extended data analysis from the VGH-TAYLOR study.","Breast cancer research : BCR","2023"
"25979483","Subclonal Genomic Architectures of Primary and Metastatic Colorectal Cancer Based on Intratumoral Genetic Heterogeneity.","Clinical cancer research : an official journal of the American Association for Cancer Research","2015"
"15355915","p53 polymorphism and age of onset of hereditary nonpolyposis colorectal cancer in a Caucasian population.","Clinical cancer research : an official journal of the American Association for Cancer Research","2004"
"26168291","Genomic landscape of carcinogen-induced and genetically induced mouse skin squamous cell carcinoma.","Nature medicine","2015"
"21430775","Initial genome sequencing and analysis of multiple myeloma.","Nature","2011"
"35226219","Prevalence of Tumor Genomic Alterations in Homologous Recombination Repair Genes Among Taiwanese Breast Cancers.","Annals of surgical oncology","2022"
"20824076","Proteomic changes resulting from gene copy number variations in cancer cells.","PLoS genetics","2010"
"31278746","Germline mutations and new copy number variants among 40 pediatric cancer patients suspected for genetic predisposition.","Clinical genetics","2019"
"10945556","Squamous carcinoma of the head and neck: molecular mechanisms and potential biomarkers.","The Australian and New Zealand journal of surgery","2000"
"33277365","The FABRIC Cancer Portal: A Ranked Catalogue of Gene Selection in Tumors Over the Human Coding Genome.","Cancer research","2021"
"32629901","Complex Characterization of Germline Large Genomic Rearrangements of the BRCA1 and BRCA2 Genes in High-Risk Breast Cancer Patients-Novel Variants from a Large National Center.","International journal of molecular sciences","2020"
"18694767","Molecular and in silico analysis of BRCA1 and BRCA2 variants.","Mutation research","2008"
"17098932","OncoDB.HCC: an integrated oncogenomic database of hepatocellular carcinoma revealed aberrant cancer target genes and loci.","Nucleic acids research","2007"
"22139933","IGDB.NSCLC: integrated genomic database of non-small cell lung cancer.","Nucleic acids research","2012"
"40779117","Identification of Somatic Variants in Cancer Genomes from Tissue and Liquid Biopsy Samples.","Methods in molecular biology (Clifton, N.J.)","2025"
"22174824","Identification of tumor suppressors and oncogenes from genomic and epigenetic features in ovarian cancer.","PloS one","2011"
"21508367","Inverse correlation between EGFR mutation and FHIT, RASSF1A and RUNX3 methylation in lung adenocarcinoma: relation with smoking status.","Anticancer research","2011"
"17578925","Epigenome scans and cancer genome sequencing converge on WNK2, a kinase-independent suppressor of cell growth.","Proceedings of the National Academy of Sciences of the United States of America","2007"
"32031414","Impact of accumulated alterations in driver and passenger genes on response to radiation therapy.","The British journal of radiology","2020"
"27588475","NKAIN2 functions as a novel tumor suppressor in prostate cancer.","Oncotarget","2016"
"12100744","Novel mutations in the BRCA1 and BRCA2 genes in Iranian women with early-onset breast cancer.","Breast cancer research : BCR","2002"
"29700001","MVisAGe Identifies Concordant and Discordant Genomic Alterations of Driver Genes in Squamous Tumors.","Cancer research","2018"
"36108240","Prostate Cancer Transcriptomic Regulation by the Interplay of Germline Risk Alleles, Somatic Mutations, and 3D Genomic Architecture.","Cancer discovery","2022"
"16869735","""Lineage addiction"" in human cancer: lessons from integrated genomics.","Cold Spring Harbor symposia on quantitative biology","2005"
"34167951","The Proteomic Landscape of Growth Factor Signaling Networks Associated with FAT1 Mutations in Head and Neck Cancers.","Cancer research","2021"
"22237022","A novel retinoblastoma therapy from genomic and epigenetic analyses.","Nature","2012"
"20043720","Functional genomics to explore cancer cell vulnerabilities.","Neurosurgical focus","2010"
"32332753","Non-coding somatic mutations converge on the PAX8 pathway in ovarian cancer.","Nature communications","2020"
"28128360","Discovery of Cancer Driver Long Noncoding RNAs across 1112 Tumour Genomes: New Candidates and Distinguishing Features.","Scientific reports","2017"
"30742731","Feasibility and utility of a panel testing for 114 cancer-associated genes in a clinical setting: A hospital-based study.","Cancer science","2019"
"26676204","Integrative genomic analysis of interleukin-36RN and its prognostic value in cancer.","Molecular medicine reports","2016"
"8945609","Mutations and polymorphisms in the p53, p21 and p16 genes in oral carcinomas of Indian betel quid chewers.","International journal of cancer","1996"
"30796966","The pan-cancer analysis of gain-of-functional mutations to identify the common oncogenic signatures in multiple cancers.","Gene","2019"
"22174011","Genomics of human health and aging.","Age (Dordrecht, Netherlands)","2013"
"29673314","A site specific model and analysis of the neutral somatic mutation rate in whole-genome cancer data.","BMC bioinformatics","2018"
"32988402","Identification of new driver and passenger mutations within APOBEC-induced hotspot mutations in bladder cancer.","Genome medicine","2020"
"32160537","Detection of Marker-Free Precision Genome Editing and Genetic Variation through the Capture of Genomic Signatures.","Cell reports","2020"
"29344882","Detection of Combinatorial Mutational Patterns in Human Cancer Genomes by Exclusivity Analysis.","Methods in molecular biology (Clifton, N.J.)","2018"
"25979769","Integrating genomics in head and neck cancer treatment: Promises and pitfalls.","Critical reviews in oncology/hematology","2015"
"26272984","motifbreakR: an R/Bioconductor package for predicting variant effects at transcription factor binding sites.","Bioinformatics (Oxford, England)","2015"
"28583088","Uncovering the transcriptomic and epigenomic landscape of nicotinic receptor genes in non-neuronal tissues.","BMC genomics","2017"
"26848523","Identifying molecular genetic features and oncogenic pathways of clear cell renal cell carcinoma through the anatomical (PADUA) scoring system.","Oncotarget","2016"
"34146199","A novel BRCA1 duplication and new insights on the spectrum and frequency of germline large genomic rearrangements in BRCA1/BRCA2.","Molecular biology reports","2021"
"27225266","Epigenetic and genetic variation in GATA5 is associated with gastric disease risk.","Human genetics","2016"
"38078888","Integration of genomics and transcriptomics highlights the crucial role of chromosome 5 open reading frame 34 in various human malignancies.","Aging","2023"
"23787073","Genetic polymorphisms in AURKA, BRCA1, CCNE1 and CDK2 are associated with ovarian cancer susceptibility among Chinese Han women.","Cancer epidemiology","2013"
"32857918","Impact of genetic alterations on outcomes of patients with stage I nonsmall cell lung cancer: An analysis of the cancer genome atlas data.","Cancer medicine","2020"
"25487540","KRAS mutation testing in clinical practice.","Expert review of molecular diagnostics","2015"
"27628192","Clinical implications of routine genomic mutation sequencing in PIK3CA/AKT1 and KRAS/NRAS/BRAF in metastatic breast cancer.","Breast cancer research and treatment","2016"
"25819079","DEOD: uncovering dominant effects of cancer-driver genes based on a partial covariance selection method.","Bioinformatics (Oxford, England)","2015"
"34244513","Multiplexed functional genomic analysis of 5' untranslated region mutations across the spectrum of prostate cancer.","Nature communications","2021"
"28854983","Identification of cis-regulatory mutations generating de novo edges in personalized cancer gene regulatory networks.","Genome medicine","2017"
"38890444","Integrative genomics identifies SHPRH as a tumor suppressor gene in lung adenocarcinoma that regulates DNA damage response.","British journal of cancer","2024"
"22034905","Integrated analysis of whole genome exon array and array-comparative genomic hybridization in gastric and colorectal cancer cells.","Cancer science","2012"
"12756842","[Disease-causing mutations versus neutral polymorphism: use of bioinformatics and DNA diagnosis].","Casopis lekaru ceskych","2003"
"25395235","Integrative genomic analyses of a novel cytokine, interleukin-34 and its potential role in cancer prediction.","International journal of molecular medicine","2015"
"28719033","Identification of driver copy number alterations in diverse cancer types and application in drug repositioning.","Molecular oncology","2017"
"20016998","Genome-wide association studies of bladder cancer risk: a field synopsis of progress and potential applications.","Cancer metastasis reviews","2009"
"23033341","Genome and transcriptome sequencing of lung cancers reveal diverse mutational and splicing events.","Genome research","2012"
"39126824","Molecular analysis of non-small cell lung cancer using a dual-targeted DNA and RNA comprehensive genomic profiling panel.","Respiratory investigation","2024"
"21398405","Functional synergies yet distinct modulators affected by genetic alterations in common human cancers.","Cancer research","2011"
"26398868","CAUSEL: an epigenome- and genome-editing pipeline for establishing function of noncoding GWAS variants.","Nature medicine","2015"
"19214744","CASP8 D302H polymorphism delays the age of onset of breast cancer in BRCA1 and BRCA2 carriers.","Breast cancer research and treatment","2010"
"17024086","Genome-wide genetic analysis of polyploidy in yeast.","Nature","2006"
"27055661","Genome-wide mitochondrial DNA sequence variations and lower expression of OXPHOS genes predict mitochondrial dysfunction in oral cancer tissue.","Tumour biology : the journal of the International Society for Oncodevelopmental Biology and Medicine","2016"
"21895773","The CDKN2A p.A148T variant is associated with cutaneous melanoma in Southern Brazil.","Experimental dermatology","2011"
"28333948","Epigenomic annotation of noncoding mutations identifies mutated pathways in primary liver cancer.","PloS one","2017"
"30653567","Bottom-up, integrated -omics analysis identifies broadly dosage-sensitive genes in breast cancer samples from TCGA.","PloS one","2019"
"25934800","Signatures of accelerated somatic evolution in gene promoters in multiple cancer types.","Nucleic acids research","2015"
"29658776","Toward Recovering Allele-specific Cancer Genome Graphs.","Journal of computational biology : a journal of computational molecular cell biology","2018"
"25721128","Leveraging DNA damage response signaling to identify yeast genes controlling genome stability.","G3 (Bethesda, Md.)","2015"
"21441214","Germline fitness-based scoring of cancer mutations.","Genetics","2011"
"15150323","Genome coverage and sequence fidelity of phi29 polymerase-based multiple strand displacement whole genome amplification.","Nucleic acids research","2004"
"21430711","Epigenetics: Unravelling the cancer code.","Nature","2011"
"21727090","Predicting the functional impact of protein mutations: application to cancer genomics.","Nucleic acids research","2011"
"18063416","American founder mutation for attenuated familial adenomatous polyposis.","Clinical gastroenterology and hepatology : the official clinical practice journal of the American Gastroenterological Association","2008"
"18679828","Evidence for an ancient BRCA1 mutation in breast cancer patients of Yoruban ancestry.","Familial cancer","2009"
"26683094","Network-Based Integration of Disparate Omic Data To Identify ""Silent Players"" in Cancer.","PLoS computational biology","2015"
"24449244","Cancer genomics and inherited risk.","Journal of clinical oncology : official journal of the American Society of Clinical Oncology","2014"
"26419725","The complexity of epigenetic diseases.","The Journal of pathology","2016"
"26208496","Massive interstitial copy-neutral loss-of-heterozygosity as evidence for cancer being a disease of the DNA-damage response.","BMC medical genomics","2015"
"30728399","Comparison of TCGA and GENIE genomic datasets for the detection of clinically actionable alterations in breast cancer.","Scientific reports","2019"
"28039579","Discordance of Somatic Mutations Between Asian and Caucasian Patient Populations with Gastric Cancer.","Molecular diagnosis & therapy","2017"
"24433356","The genomic landscape of retinoblastoma: a review.","Clinical & experimental ophthalmology","2014"
"31395065","Targeted genomic profiling identifies frequent deleterious mutations in FAT4 and TP53 genes in HBV-associated hepatocellular carcinoma.","BMC cancer","2019"
"31345234","Elevated neoantigen levels in tumors with somatic mutations in the HLA-A, HLA-B, HLA-C and B2M genes.","BMC medical genomics","2019"
"27341628","Extensive Transcriptomic and Genomic Analysis Provides New Insights about Luminal Breast Cancers.","PloS one","2016"
"36804482","Management of patients with presumed germline pathogenic variant from tumor-only genomic sequencing: A retrospective analysis at a single facility.","Journal of human genetics","2023"
"31115714","A Novel Method for Identifying the Potential Cancer Driver Genes Based on Molecular Data Integration.","Biochemical genetics","2020"
"23817046","From human genome to cancer genome: the first decade.","Genome research","2013"
"22065914","Polymorphisms in apoptosis-related genes and TP53 mutations in non-small cell lung cancer.","Journal of Korean medical science","2011"
"23718799","Integrated analysis of recurrent properties of cancer genes to identify novel drivers.","Genome biology","2013"
"24467842","Significant overlap between human genome-wide association-study nominated breast cancer risk alleles and rat mammary cancer susceptibility loci.","Breast cancer research : BCR","2014"
"31253832","Label propagation defines signaling networks associated with recurrently mutated cancer genes.","Scientific reports","2019"
"32920123","Integrative genomics and pathway analysis identified prevalent FA-BRCA pathway alterations in arsenic-associated urinary bladder carcinoma: Chronic arsenic accumulation in cancer tissues hampers the FA-BRCA pathway.","Genomics","2020"
"10101803","Clinical implications of p53: effect on prognosis, tumor progression and chemotherapy response.","Seminars in cancer biology","1998"
"22665440","Integrative functional genomics identifies an enhancer looping to the SOX9 gene disrupted by the 17q24.3 prostate cancer risk locus.","Genome research","2012"
"23884480","OncodriveCLUST: exploiting the positional clustering of somatic mutations to identify cancer genes.","Bioinformatics (Oxford, England)","2013"
"23925245","The haplotype-resolved genome and epigenome of the aneuploid HeLa cancer cell line.","Nature","2013"
"32239503","Understanding oncogenicity of cancer driver genes and mutations in the cancer genomics era.","FEBS letters","2020"
"23158542","Genomic profiling of rectal adenoma and carcinoma by array-based comparative genomic hybridization.","BMC medical genomics","2012"
"21875255","Genomics and pharmacogenomics of breast cancer: current knowledge and trends.","Asian Pacific journal of cancer prevention : APJCP","2011"
"20025072","Intracisternal A particle genes: Distribution in the mouse genome, active subtypes, and potential roles as species-specific mediators of susceptibility to cancer.","Molecular carcinogenesis","2010"
"17171680","Targets of genome copy number reduction in primary breast cancers identified by integrative genomics.","Genes, chromosomes & cancer","2007"
"25256751","Discrepancies in cancer genomic sequencing highlight opportunities for driver mutation discovery.","Cancer research","2014"
"29364829","The Integrative Method Based on the Module-Network for Identifying Driver Genes in Cancer Subtypes.","Molecules (Basel, Switzerland)","2018"
"22880004","Mouse p53-deficient cancer models as platforms for obtaining genomic predictors of human cancer clinical outcomes.","PloS one","2012"
"28195176","The non-coding variant rs1800734 enhances DCLK3 expression through long-range interaction and promotes colorectal cancer progression.","Nature communications","2017"
"21169372","Identifying cancer driver genes in tumor genome sequencing studies.","Bioinformatics (Oxford, England)","2011"
"10567493","The impact of molecular genetic analysis of the VHL gene in patients with haemangioblastomas of the central nervous system.","Journal of neurology, neurosurgery, and psychiatry","1999"
"31509718","When Should Tumor Genomic Profiling Prompt Consideration of Germline Testing?","Journal of oncology practice","2019"
"24312913","A comprehensive focus on global spectrum of BRCA1 and BRCA2 mutations in breast cancer.","BioMed research international","2013"
"16804532","Statistical false positive or true disease pathway?","Nature genetics","2006"
"23345608","DNA methylation alterations exhibit intraindividual stability and interindividual heterogeneity in prostate cancer metastases.","Science translational medicine","2013"
"31684858","An immunoevasive strategy through clinically-relevant pan-cancer genomic and transcriptomic alterations of JAK-STAT signaling components.","Molecular medicine (Cambridge, Mass.)","2019"
"8646682","Molecular genetic evidence of the occurrence of breast cancer as an integral tumor in patients with the hereditary nonpolyposis colorectal carcinoma syndrome.","Cancer","1996"
"30384854","ALPHLARD: a Bayesian method for analyzing HLA genes from whole genome sequence data.","BMC genomics","2018"
"23091298","Targeted genomic sequencing of pediatric Burkitt lymphoma identifies recurrent alterations in antiapoptotic and chromatin-remodeling genes.","Blood","2012"
"33863366","A verified genomic reference sample for assessing performance of cancer panels detecting small variants of low allele frequency.","Genome biology","2021"
"25378318","DBTSS as an integrative platform for transcriptome, epigenome and genome sequence variation data.","Nucleic acids research","2015"
"21389108","A bioinformatics workflow for variant peptide detection in shotgun proteomics.","Molecular & cellular proteomics : MCP","2011"
"37291246","Tumour mutations in long noncoding RNAs enhance cell fitness.","Nature communications","2023"
"39147986","Integrative single-cell analysis of human colorectal cancer reveals patient stratification with distinct immune evasion mechanisms.","Nature cancer","2024"
"35501392","Spatially informed cell-type deconvolution for spatial transcriptomics.","Nature biotechnology","2022"
"39266564","Context-aware single-cell multiomics approach identifies cell-type-specific lung cancer susceptibility genes.","Nature communications","2024"
"39779846","Molecular and cellular dynamics of the developing human neocortex.","Nature","2025"
"31099622","Molecular Testing in Breast Cancer.","American Society of Clinical Oncology educational book. American Society of Clinical Oncology. Annual Meeting","2019"
"23929110","Single-cell semiconductor sequencing.","Methods in molecular biology (Clifton, N.J.)","2013"
"23178448","Genomic sequencing in cancer.","Cancer letters","2013"
"39980637","Advancements in single-cell RNA sequencing and spatial transcriptomics: transforming biomedical research.","Acta biochimica Polonica","2025"
"35812248","Genome-Wide Association and Transcriptome-Wide Association Studies Identify Novel Susceptibility Genes Contributing to Colorectal Cancer.","Journal of immunology research","2022"
"22457049","Genome-wide analysis of DNA methylation identifies novel cancer-related genes in hepatocellular carcinoma.","Tumour biology : the journal of the International Society for Oncodevelopmental Biology and Medicine","2012"
"40447568","Multi-tissue expression and splicing data prioritise anatomical subsite- and sex-specific colorectal cancer susceptibility genes.","Nature communications","2025"
"25581428","Genome-wide profiling of HPV integration in cervical cancer identifies clustered genomic hot spots and a potential microhomology-mediated integration mechanism.","Nature genetics","2015"
"34118759","Affecting RNA biology genome-wide by binding small molecules and chemically induced proximity.","Current opinion in chemical biology","2021"
"39137781","Transcriptome- and proteome-wide association studies identify genes associated with renal cell carcinoma.","American journal of human genetics","2024"
"22941188","Integrative genome analyses identify key somatic driver mutations of small-cell lung cancer.","Nature genetics","2012"
"32929226","Single-cell transcriptomics in cancer: computational challenges and opportunities.","Experimental & molecular medicine","2020"
"37101120","Priors, population sizes, and power in genome-wide hypothesis tests.","BMC bioinformatics","2023"
"38878676","Identifying proteomic risk factors for overall, aggressive, and early onset prostate cancer using Mendelian Randomisation and tumour spatial transcriptomics.","EBioMedicine","2024"
"34263978","Integrative genome-wide analyses reveal the transcriptional aberrations in Japanese esophageal squamous cell carcinoma.","Cancer science","2021"
"39067134","A susceptibility gene signature for ERBB2-driven mammary tumour development and metastasis in collaborative cross mice.","EBioMedicine","2024"
"35414113","Genome-wide and transcriptome-wide association studies of mammographic density phenotypes reveal novel loci.","Breast cancer research : BCR","2022"
"39324133","Single-cell RNA sequencing reveals the communications between tumor microenvironment components and tumor metastasis in osteosarcoma.","Frontiers in immunology","2024"
"40895540","eQTL and multi-omics integration reveal PPIH as a prognostic and immunotherapeutic biomarker.","Frontiers in immunology","2025"
"30896887","Transcriptome‑wide piRNA profiling in human gastric cancer.","Oncology reports","2019"
"40038097","Exploring druggable targets and inflammation-mediated pathways in cancer: a Mendelian randomization analysis integrating transcriptomic and proteomic data.","Inflammation research : official journal of the European Histamine Research Society ... [et al.]","2025"
"32911025","Integrative, genome-wide association study identifies chemicals associated with common women's malignancies.","Genomics","2020"
"26457012","Challenges of deciphering gastric cancer heterogeneity.","World journal of gastroenterology","2015"
"40059124","Integrative genome-wide aberrant DNA methylation and transcriptome analysis identifies diagnostic markers for colorectal cancer.","Archives of toxicology","2025"
"39002386","Transcriptome-wide association study and Mendelian randomization in pancreatic cancer identifies susceptibility genes and causal relationships with type 2 diabetes and venous thromboembolism.","EBioMedicine","2024"
"35725412","Contribution and clinical relevance of germline variation to the cancer transcriptome.","BMC cancer","2022"
"29536451","Data Analysis in Single-Cell Transcriptome Sequencing.","Methods in molecular biology (Clifton, N.J.)","2018"
"40424666","Integrating genetics and transcriptomics to decipher susceptibility genes for risk stratification of gastric cancer and effect modification of Helicobacter pylori treatment.","EBioMedicine","2025"
"27442339","Single-cell RNA-sequencing: The future of genome biology is now.","RNA biology","2017"
"29018868","Differential gene regulatory networks in development and disease.","Cellular and molecular life sciences : CMLS","2018"
"31174203","Combined analysis of keratinocyte cancers identifies novel genome-wide loci.","Human molecular genetics","2019"
"40129067","Identification of RCC2 as a Risk Gene Associated With Basal Cell Carcinoma and Experimental Validation.","Experimental dermatology","2025"
"41168822","Genome-wide association, single-cell, and spatial transcriptomics analyses reveal the role of the STK24-expressing positive cells in LUAD progression and the tumor microenvironment, identifying STK24 as a potential therapeutic target.","Journal of translational medicine","2025"
"28122328","Genome-wide screen identifies a novel prognostic signature for breast cancer survival.","Oncotarget","2017"
"25187986","Nightshift work and genome-wide DNA methylation.","Chronobiology international","2015"
"34238352","High-grade serous tubo-ovarian cancer refined with single-cell RNA sequencing: specific cell subtypes influence survival and determine molecular subtype classification.","Genome medicine","2021"
"41067362","Comprehensive multi-omics analysis identifies transferrin receptor as a therapeutic target in esophageal cancer.","International journal of biological macromolecules","2025"
"25798919","Genome-wide transcript profiling reveals novel breast cancer-associated intronic sense RNAs.","PloS one","2015"
"26110572","Gene expression profiling signatures for the diagnosis and prevention of oral cavity carcinogenesis-genome-wide analysis using RNA-seq technology.","Oncotarget","2015"
"36875988","Integration of single-cell RNA sequencing and spatial transcriptomics to reveal the glioblastoma heterogeneity.","F1000Research","2022"
"40175565","Identification of potential shared gene signatures between periodontitis and breast cancer by integrating bulk RNA-seq and scRNA-seq data.","Scientific reports","2025"
"26950096","Gene regulatory mechanisms underpinning prostate cancer susceptibility.","Nature genetics","2016"
"26382709","Mutations in the noncoding genome.","Current opinion in pediatrics","2015"
"40755754","Exploring of bladder cancer immune-related genes and potential therapeutic targets based on transcriptomic data and Mendelian randomization analysis.","Frontiers in immunology","2025"
"20847746","Advances in understanding cancer genomes through second-generation sequencing.","Nature reviews. Genetics","2010"
"37592093","Integrative analysis of GWAS and transcriptomics data reveal key genes for non-small lung cancer.","Medical oncology (Northwood, London, England)","2023"
"40067823","Protocol for single-cell RNA sequencing and spatial transcriptomics of bladder Ewing sarcoma.","STAR protocols","2025"
"33258187","A genome-wide study of the relationship between chromosomal abnormalities and gene expression in colorectal tumors.","Genes, chromosomes & cancer","2021"
"28886127","Genome-wide miRNA response to anacardic acid in breast cancer cells.","PloS one","2017"
"34774008","Tumor-immune profiling of CT-26 and Colon 26 syngeneic mouse models reveals mechanism of anti-PD-1 response.","BMC cancer","2021"
"37542274","Mendelian randomization and transcriptomic analysis reveal an inverse causal relationship between Alzheimer's disease and cancer.","Journal of translational medicine","2023"
"26683690","Genome Wide Methylome Alterations in Lung Cancer.","PloS one","2015"
"26215192","Prognostic and Predictive Biomarkers in Colorectal Cancer: Implications for the Clinical Surgeon.","Annals of surgical oncology","2015"
"22930530","Gene network analysis leads to functional validation of pathways linked to cancer cell growth and survival.","Biotechnology journal","2012"
"33142748","Genome-Wide Analysis of Prognostic Alternative Splicing Signature and Splicing Factors in Lung Adenocarcinoma.","Genes","2020"
"38287261","Full-length isoform concatenation sequencing to resolve cancer transcriptome complexity.","BMC genomics","2024"
"41540004","Mixed-model and transcriptome-wide association analyses identify transcription factors and genes associated with colorectal cancer susceptibility.","Nature communications","2026"
"26906743","The first decade of estrogen receptor cistromics in breast cancer.","The Journal of endocrinology","2016"
"31619233","Genome-wide discovery and characterization of long noncoding RNAs in patients with multiple myeloma.","BMC medical genomics","2019"
"35380614","SPCS: a spatial and pattern combined smoothing method for spatial transcriptomic expression.","Briefings in bioinformatics","2022"
"30334361","Transcriptome-wide association study identifies multiple genes and pathways associated with pancreatic cancer.","Cancer medicine","2018"
"40274661","Comprehensive analysis of breast cancer oxidative stress related gene signature: a combination of bulk and single-cell RNA sequencing analysis.","Mammalian genome : official journal of the International Mammalian Genome Society","2025"
"41415280","Single-cell RNA sequencing reveals heterogeneity among AT2 epithelial cells in the lung adenocarcinoma microenvironment.","Frontiers in immunology","2025"
"25913416","Genome-wide analysis of alternative transcripts in human breast cancer.","Breast cancer research and treatment","2015"
"31352060","Genome-wide analysis of multi-view data of miRNA-seq to identify miRNA biomarkers for stomach cancer.","Journal of biomedical informatics","2019"
"40936758","Integrative analyses of single-cell and bulk RNA sequencing to construct the tumor-associated macrophage-related prognostic signature in lung adenocarcinoma.","PeerJ","2025"
"39470723","LnCeCell 2.0: an updated resource for lncRNA-associated ceRNA networks and web tools based on single-cell and spatial transcriptomics sequencing data.","Nucleic acids research","2025"
"33135729","Meta-analysis based gene expression profiling reveals functional genes in ovarian cancer.","Bioscience reports","2020"
"38502355","Genome-wide analyses reveal the regulatory roles of DNA methylation-regulated alternative promoter transcripts in breast cancer.","Human genetics","2024"
"38409266","A distinct class of pan-cancer susceptibility genes revealed by an alternative polyadenylation transcriptome-wide association study.","Nature communications","2024"
"34407065","Genome-Wide Profiling of Alternative Splicing Signatures Associated with Prognosis and Immune Microenvironment of Hepatocellular Carcinoma.","Medical science monitor : international medical journal of experimental and clinical research","2021"
"31894486","MetaDE-Based Analysis of circRNA Expression Profiles Involved in Gastric Cancer.","Digestive diseases and sciences","2020"
"20528234","DNA amplifications in breast cancer: genotypic-phenotypic correlations.","Future oncology (London, England)","2010"
"41270069","Multi-omics analysis indicates an association between TAPBP and prostate cancer.","PloS one","2025"
"28334074","Genome-wide analysis reveals that exon methylation facilitates its selective usage in the human transcriptome.","Briefings in bioinformatics","2018"
"28362817","Cis-eQTL-based trans-ethnic meta-analysis reveals novel genes associated with breast cancer risk.","PLoS genetics","2017"
"33595913","Association between sex hormones regulation-related SNP rs12233719 and lung cancer risk among never-smoking Chinese women.","Cancer medicine","2021"
"31790455","HeLa-CCL2 cell heterogeneity studied by single-cell DNA and RNA sequencing.","PloS one","2019"
"34341073","PAX9 Determines Epigenetic State Transition and Cell Fate in Cancer.","Cancer research","2021"
"39680087","A transcriptome-wide association study integrating multi-omics bioinformatics and Mendelian randomization reveals the prognostic value of ADAMDEC1 in colon cancer.","Archives of toxicology","2025"
"26680018","Racial differences in genome-wide methylation profiling and gene expression in breast tissues from healthy women.","Epigenetics","2015"
"30470588","Genome-wide isoform-level analysis reveals tumor-specific isoforms for lung adenocarcinoma diagnosis and prognosis.","Cancer genetics","2019"
"30446580","Whole-genome and transcriptome profiling of a metastatic thyroid-like follicular renal cell carcinoma.","Cold Spring Harbor molecular case studies","2018"
"25113377","Transcriptome sequencing and genome-wide association analyses reveal lysosomal function and actin cytoskeleton remodeling in schizophrenia and bipolar disorder.","Molecular psychiatry","2015"
"41006377","Integrative analysis of molecular mechanisms in prostate cancer via single-cell RNA sequencing and weighted gene co-expression network analysis.","Scientific reports","2025"
"41373777","Identification of Colorectal Cancer-Related RNA Markers from Whole Blood Using Integrated Bioinformatics Analysis.","International journal of molecular sciences","2025"
"27605446","WOMEN IN CANCER THEMATIC REVIEW: Diverse functions of DNA methylation: implications for prostate cancer and beyond.","Endocrine-related cancer","2016"
"33214551","Proteomic profiling and genome-wide mapping of O-GlcNAc chromatin-associated proteins reveal an O-GlcNAc-regulated genotoxic stress response.","Nature communications","2020"
"40429780","Genetic, Transcriptomic, and Epigenomic Insights into Sjögren's Disease: An Integrative Network Investigation and Immune Diseases Comparison.","International journal of molecular sciences","2025"
"41310897","Integrative multi-omics and single-cell transcriptomics reveal ARHGEF12 driving chemoresistance in bladder cancer.","Hereditas","2025"
"25079323","Putative cis-regulatory drivers in colorectal cancer.","Nature","2014"
"25539728","Genome-wide identification of FoxO-dependent gene networks in skeletal muscle during C26 cancer cachexia.","BMC cancer","2014"
"27338266","Transcriptome sequencing uncovers a three-long noncoding RNA signature in predicting breast cancer survival.","Scientific reports","2016"
"29266682","Profile of common prostate cancer risk variants in an unscreened Romanian population.","Journal of cellular and molecular medicine","2018"
"22664866","Genome-wide screening for methylation-silenced genes in colorectal cancer.","International journal of oncology","2012"
"26315111","A genome-wide assessment of rare copy number variants in colorectal cancer.","Oncotarget","2015"
"22068331","Deep proteome and transcriptome mapping of a human cancer cell line.","Molecular systems biology","2011"
"34965383","Functional analysis of the 1p34.3 risk locus implicates GNL2 in high-grade serous ovarian cancer.","American journal of human genetics","2022"
"37632791","Novel insights into genetic susceptibility for colorectal cancer from transcriptome-wide association and functional investigation.","Journal of the National Cancer Institute","2024"
"21267768","The power of NGS technologies to delineate the genome organization in cancer: from mutations to structural variations and epigenetic alterations.","Cancer metastasis reviews","2011"
"40205015","Transcriptome-wide association study of alternative polyadenylation identifies susceptibility genes in non-small cell lung cancer.","Oncogene","2025"
"23226102","Long-range transcriptome sequencing reveals cancer cell growth regulatory chimeric mRNA.","Neoplasia (New York, N.Y.)","2012"
"41188790","Cross-tissue transcriptome-wide association studies identify genetic susceptibility genes for prostate cancer.","BMC cancer","2025"
"25362561","Pathway analysis of genome-wide association study and transcriptome data highlights new biological pathways in colorectal cancer.","Molecular genetics and genomics : MGG","2015"
"31782890","Comparative analysis of TTF-1 binding DNA regions in small-cell lung cancer and non-small-cell lung cancer.","Molecular oncology","2020"
"39623312","Expression quantitative trait loci influence DNA damage-induced apoptosis in cancer.","BMC genomics","2024"
"34293285","Cell-type-specific meQTLs extend melanoma GWAS annotation beyond eQTLs and inform melanocyte gene-regulatory mechanisms.","American journal of human genetics","2021"
"24423449","Suppression of GNAI2 message in ovarian cancer.","Journal of ovarian research","2014"
"22366784","Common variants at 11q12, 10q26 and 3p11.2 are associated with prostate cancer susceptibility in Japanese.","Nature genetics","2012"
"32986714","Multi-ethnic transcriptome-wide association study of prostate cancer.","PloS one","2020"
"30232418","Integrating genetic, transcriptional, and biological information provides insights into obesity.","International journal of obesity (2005)","2019"
"20359664","Molecular epidemiology and its current clinical use in cancer management.","The Lancet. Oncology","2010"
"33575838","Genome-wide transcriptome and translatome analyses reveal the role of protein extension and domestication in liver cancer oncogenesis.","Molecular genetics and genomics : MGG","2021"
"28177904","Genome-scale analysis identifies GJB2 and ERO1LB as prognosis markers in patients with pancreatic cancer.","Oncotarget","2017"
"38867230","Progress of single-cell RNA sequencing combined with spatial transcriptomics in tumour microenvironment and treatment of pancreatic cancer.","Journal of translational medicine","2024"
"36830591","Statistical Power Analysis for Designing Bulk, Single-Cell, and Spatial Transcriptomics Experiments: Review, Tutorial, and Perspectives.","Biomolecules","2023"
"25797072","Emerging technologies for studying DNA methylation for the molecular diagnosis of cancer.","Expert review of molecular diagnostics","2015"
"27367190","Pathway analysis of expression-related SNPs on genome-wide association study of basal cell carcinoma.","Oncotarget","2016"
"33410160","Approaches for the integration of big data in translational medicine: single-cell and computational methods.","Annals of the New York Academy of Sciences","2021"
"37164006","A joint transcriptome-wide association study across multiple tissues identifies candidate breast cancer susceptibility genes.","American journal of human genetics","2023"
"30274024","Genome-Wide Analysis of mRNA Expression Profiling Identified Lung Cancer-Related Gene in Xuanwei, China.","Clinical laboratory","2018"
"31235759","Genome-wide analyses of long non-coding RNA expression profiles and functional network analysis in esophageal squamous cell carcinoma.","Scientific reports","2019"
"39872525","Exploring potential therapeutic targets for small cell lung cancer based on transcriptomics combined with Mendelian randomization analysis.","Frontiers in immunology","2024"
"23172663","Genome-wide CpG island methylation analyses in non-small cell lung cancer patients.","Carcinogenesis","2013"
"35033028","Core promoter mutation contributes to abnormal gene expression in bladder cancer.","BMC cancer","2022"
"34839022","Gene expression profiles and pathway enrichment analysis to identification of differentially expressed gene and signaling pathways in epithelial ovarian cancer based on high-throughput RNA-seq data.","Genomics","2022"
"26642714","Genome-Wide Analysis of Long Noncoding RNA Expression Profiles in Human Xuanwei Lung Cancer.","Clinical laboratory","2015"
"39950845","Enhancer RNA Transcriptome-Wide Association Study Reveals a Distinctive Class of Pan-Cancer Susceptibility eRNAs.","Advanced science (Weinheim, Baden-Wurttemberg, Germany)","2025"
"32871102","eQTL Colocalization Analyses Identify NTN4 as a Candidate Breast Cancer Risk Gene.","American journal of human genetics","2020"
"20923297","Adrenocortical tumors: an integrated clinical, pathologic, and molecular approach at the University of Michigan.","Archives of pathology & laboratory medicine","2010"
"27604360","Analysis of the breast cancer methylome using formalin-fixed paraffin-embedded tumour.","Breast cancer research and treatment","2016"
"26972162","Differential network analysis reveals the genome-wide landscape of estrogen receptor modulation in hormonal cancers.","Scientific reports","2016"
"27165481","Genome-wide analysis of long noncoding RNA (lncRNA) expression in colorectal cancer tissues from patients with liver metastasis.","Cancer medicine","2016"
"27704213","Network analysis of mitonuclear GWAS reveals functional networks and tissue expression profiles of disease-associated genes.","Human genetics","2017"
"28198679","Detecting discordance enrichment among a series of two-sample genome-wide expression data sets.","BMC genomics","2017"
"28302063","Epigenetic and genetic alterations and their influence on gene regulation in chronic lymphocytic leukemia.","BMC genomics","2017"
"30942869","TranscriptAchilles: a genome-wide platform to predict isoform biomarkers of gene essentiality in cancer.","GigaScience","2019"
"25278450","Genome-wide DNA methylation analysis of lung carcinoma reveals one neuroendocrine and four adenocarcinoma epitypes associated with patient outcome.","Clinical cancer research : an official journal of the American Association for Cancer Research","2014"
"33186476","Multi-omics integration identifies a selective vulnerability of colorectal cancer subtypes to YM155.","International journal of cancer","2021"
"36116415","Gene signature and connectivity mapping to assist with drug prediction for pancreatic ductal adenocarcinoma.","Surgical oncology","2022"
"23171949","Genome and transcriptome sequencing in prospective metastatic triple-negative breast cancer uncovers therapeutic vulnerabilities.","Molecular cancer therapeutics","2013"
"21734013","Genome-wide profiling of chromatin signatures reveals epigenetic regulation of MicroRNA genes in colorectal cancer.","Cancer research","2011"
"28938489","Prognostic Classifier Based on Genome-Wide DNA Methylation Profiling in Well-Differentiated Thyroid Tumors.","The Journal of clinical endocrinology and metabolism","2017"
"20174472","Tumor transcriptome sequencing reveals allelic expression imbalances associated with copy number alterations.","PloS one","2010"
"41099493","A Transcriptome-Wide Association Study Identifies Candidate Susceptibility Loci and Genes for Lung Cancer Risk.","Cancer medicine","2025"
"25739977","Genome-wide DNA methylome analysis reveals epigenetically dysregulated non-coding RNAs in human breast cancer.","Scientific reports","2015"
"19652704","GWAS meets microarray: are the results of genome-wide association studies and gene-expression profiling consistent? Prostate cancer as an example.","PloS one","2009"
"34021172","GWAS of allometric body-shape indices in UK Biobank identifies loci suggesting associations with morphogenesis, organogenesis, adrenal cell renewal and cancer.","Scientific reports","2021"
"22539604","Association of the 15q25 and 5p15 lung cancer susceptibility regions with gene expression in lung tumor tissue.","Cancer epidemiology, biomarkers & prevention : a publication of the American Association for Cancer Research, cosponsored by the American Society of Preventive Oncology","2012"
"30797996","Multi-network approach to identify differentially methylated gene communities in cancer.","Gene","2019"
"25572802","A co-culture genome-wide RNAi screen with mammary epithelial cells reveals transmembrane signals required for growth and differentiation.","Breast cancer research : BCR","2015"
"19457610","Cancer-related transcriptional targets of the circadian gene NPAS2 identified by genome-wide ChIP-on-chip analysis.","Cancer letters","2009"
"30431131","Pathway analysis of a genome‑wide association study on a long non‑coding RNA expression profile in oral squamous cell carcinoma.","Oncology reports","2019"
"34675350","Multi-tissue transcriptome-wide association study identifies eight candidate genes and tissue-specific gene expression underlying endometrial cancer susceptibility.","Communications biology","2021"
"30135189","Gene Expression Integration into Pathway Modules Reveals a Pan-Cancer Metabolic Landscape.","Cancer research","2018"
"28436302","Gene set enrichment analysis: A genome-wide expression profile-based strategy for discovering functional microRNA-disease relationships.","The Journal of international medical research","2018"
"33334055","Identification of Novel Potential Genes Involved in Cancer by Integrated Comparative Analyses.","International journal of molecular sciences","2020"
"41231350","Multilevel Transcriptomic Association Analysis Reveals Key Genes and Potential Mechanisms in Endometrial, Ovarian, and Cervical Cancers.","Reproductive sciences (Thousand Oaks, Calif.)","2025"
"33094914","Screening and bioinformatics analysis of a ceRNA network based on the circular RNAs, miRNAs, and mRNAs in pan-cancer.","Cancer medicine","2020"
"28235956","Genomic complexity and targeted genes in anaplastic thyroid cancer cell lines.","Endocrine-related cancer","2017"
"26618344","Regulators of genetic risk of breast cancer identified by integrative network analysis.","Nature genetics","2016"
"29408647","Whole-exome mutational and transcriptional landscapes of combined hepatocellular cholangiocarcinoma and intrahepatic cholangiocarcinoma reveal molecular diversity.","Biochimica et biophysica acta. Molecular basis of disease","2018"
"37903058","A large-scale microRNA transcriptome-wide association study identifies two susceptibility microRNAs, miR-1307-5p and miR-192-3p, for colorectal cancer risk.","Human molecular genetics","2024"
"28986391","Altered hydroxymethylation is seen at regulatory regions in pancreatic cancer and regulates oncogenic pathways.","Genome research","2017"
"34160817","Bioinformatic Analysis of Circular RNA Expression.","Methods in molecular biology (Clifton, N.J.)","2021"
"39789109","Transcriptome-wide association study identifies genes associated with bladder cancer risk.","Scientific reports","2025"
"27599611","Genome-wide analyses of long noncoding RNA expression profiles correlated with radioresistance in nasopharyngeal carcinoma via next-generation deep sequencing.","BMC cancer","2016"
"28990076","Global transcriptome‑wide analysis of the function of GDDR in acute gastric lesions.","Molecular medicine reports","2017"
"27386569","Genomic agonism and phenotypic antagonism between estrogen and progesterone receptors in breast cancer.","Science advances","2016"
"22321013","Cross-analysis of gene and miRNA genome-wide expression profiles in human fibroblasts at different stages of transformation.","Omics : a journal of integrative biology","2012"
"22730461","Genetic and functional analyses implicate the NUDT11, HNF1B, and SLC22A3 genes in prostate cancer pathogenesis.","Proceedings of the National Academy of Sciences of the United States of America","2012"
"26411386","Genome wide discovery of long intergenic non-coding RNAs in Diamondback moth (Plutella xylostella) and their expression in insecticide resistant strains.","Scientific reports","2015"
"21705454","Platinum sensitivity-related germline polymorphism discovered via a cell-based approach and analysis of its association with outcome in ovarian cancer patients.","Clinical cancer research : an official journal of the American Association for Cancer Research","2011"
"39878408","Transcriptome-Wide Association Study Identified Novel Blood Tissue Gene Biomarkers for Prostate Cancer Risk.","The Prostate","2025"
"31718536","SNP eQTL status and eQTL density in the adjacent region of the SNP are associated with its statistical significance in GWA studies.","BMC genetics","2019"
"26178168","Genome-wide analysis of the oxyntic proliferative isthmus zone reveals ASPM as a possible gastric stem/progenitor cell marker over-expressed in cancer.","The Journal of pathology","2015"
"22980976","Genomic landscape of non-small cell lung cancer in smokers and never-smokers.","Cell","2012"
"30523707","Integrated comparison of the miRNAome and mRNAome in muscles of dermatomyositis and polymyositis reveals common and specific miRNA-mRNAs.","Epigenomics","2019"
"23196705","Genome-wide screen for aberrantly expressed miRNAs reveals miRNA profile signature in breast cancer.","Molecular biology reports","2013"
"23727079","Extracellular matrix transcriptome dynamics in hepatocellular carcinoma.","Matrix biology : journal of the International Society for Matrix Biology","2013"
"31450785","Mutant Huntingtin Affects Diabetes and Alzheimer's Markers in Human and Cell Models of Huntington's Disease.","Cells","2019"
"25900404","Evolving transcriptomic fingerprint based on genome-wide data as prognostic tools in prostate cancer.","Biology of the cell","2015"
"37415973","The genetic associations of COVID-19 on genitourinary symptoms.","Frontiers in immunology","2023"
"25650807","Identification of novel fusion genes in lung cancer using breakpoint assembly of transcriptome sequencing data.","Genome biology","2015"
"28460486","Small RNA sequencing reveals metastasis-related microRNAs in lung adenocarcinoma.","Oncotarget","2017"
"27455841","Transcriptomic analyses of the radiation response in head and neck squamous cell carcinoma subclones with different radiation sensitivity: time-course gene expression profiles and gene association networks.","Radiation oncology (London, England)","2016"
"20126538","Joint genome-wide profiling of miRNA and mRNA expression in Alzheimer's disease cortex reveals altered miRNA regulation.","PloS one","2010"
"40616903","Decoding disease-specific ageing mechanisms through pathway-level epigenetic clock: insights from multi-cohort validation.","EBioMedicine","2025"
"25275298","The head and neck cancer cell oncogenome: a platform for the development of precision molecular therapies.","Oncotarget","2014"
"30821641","Hormone therapy use and breast tissue DNA methylation: analysis of epigenome wide data from the normal breast study.","Epigenetics","2019"
"25521454","Assessment of cancer cell line representativeness using microarrays for Merkel cell carcinoma.","The Journal of investigative dermatology","2015"
"22144254","A transcriptome analysis by lasso penalized Cox regression for pancreatic cancer survival.","Journal of bioinformatics and computational biology","2011"
"31410488","ncRNA-eQTL: a database to systematically evaluate the effects of SNPs on non-coding RNA expression across cancer types.","Nucleic acids research","2020"
"41219359","Genetic variants reshape the m6A epitranscriptome and drive transcriptomic reprogramming in colorectal cancer.","Scientific reports","2025"
"36318117","Gene Fusion Detection and Characterization in Long-Read Cancer Transcriptome Sequencing Data with FusionSeeker.","Cancer research","2023"
"28182363","Comprehensive Analysis of lncRNA and mRNA Expression Profiles in Lung Cancer.","Clinical laboratory","2017"
"40841173","Deciphering context-specific gene programs from single-cell and spatial transcriptomics data with DeCEP.","Genome research","2025"
"30664627","C1 CAGE detects transcription start sites and enhancer activity at single-cell resolution.","Nature communications","2019"
"28634199","Characterising cis-regulatory variation in the transcriptome of histologically normal and tumour-derived pancreatic tissues.","Gut","2018"
"34321100","Distinct signatures of codon and codon pair usage in 32 primary tumor types in the novel database CancerCoCoPUTs for cancer-specific codon usage.","Genome medicine","2021"
"36194576","Integrative weighted molecular network construction from transcriptomics and genome wide association data to identify shared genetic biomarkers for COPD and lung cancer.","PloS one","2022"
"32067842","Etiology of atherosclerosis informs choice of animal models and tissues for initial functional genomic studies of resveratrol.","Pharmacological research","2020"
"34308964","Microarray analysis of genes with differential expression of m6A methylation in lung cancer.","Bioscience reports","2021"
"22467206","Identification of allele-specific alternative mRNA processing via transcriptome sequencing.","Nucleic acids research","2012"
"26237329","Analysis of the Human Prostate-Specific Proteome Defined by Transcriptomics and Antibody-Based Profiling Identifies TMEM79 and ACOXL as Two Putative, Diagnostic Markers in Prostate Cancer.","PloS one","2015"
"27671336","Integrated Genetic, Epigenetic, and Transcriptional Profiling Identifies Molecular Pathways in the Development of Laterally Spreading Tumors.","Molecular cancer research : MCR","2016"
"22471859","Generation and analysis of blueberry transcriptome sequences from leaves, developing fruit, and flower buds from cold acclimation through deacclimation.","BMC plant biology","2012"
"33280513","Role of COL3A1 and POSTN on Pathologic Stages of Esophageal Cancer.","Technology in cancer research & treatment","2020"
"32079541","A framework for transcriptome-wide association studies in breast cancer in diverse study populations.","Genome biology","2020"
"41373592","De Novo Detection of Clonal Structure and Evolution in Single-Cell and Spatial Transcriptomes.","International journal of molecular sciences","2025"
"34326374","Combined bioinformatics technology to explore pivot genes and related clinical prognosis in the development of gastric cancer.","Scientific reports","2021"
"26201698","Framework for the Integration of Genomics, Epigenomics and Transcriptomics in Complex Diseases.","Human heredity","2015"
"30784104","A comprehensive analysis of WGCNA and serum metabolomics manifests the lung cancer-associated disordered glucose metabolism.","Journal of cellular biochemistry","2019"
"27461342","Hypomethylation coordinates antagonistically with hypermethylation in cancer development: a case study of leukemia.","Human genomics","2016"
"28223168","Prognostic alternative mRNA splicing signature in non-small cell lung cancer.","Cancer letters","2017"
"22479372","Genome wide analysis of acute myeloid leukemia reveal leukemia specific methylome and subtype specific hypomethylation of repeats.","PloS one","2012"
"31011186","Multiplexed detection of proteins, transcriptomes, clonotypes and CRISPR perturbations in single cells.","Nature methods","2019"
"26965997","High-throughput «Omics» technologies: New tools for the study of triple-negative breast cancer.","Cancer letters","2016"
"31143935","Genetically Predicted Levels of DNA Methylation Biomarkers and Breast Cancer Risk: Data From 228 951 Women of European Descent.","Journal of the National Cancer Institute","2020"
"38400758","Multi-tissue transcriptome-wide association studies identified 235 genes for intrinsic subtypes of breast cancer.","Journal of the National Cancer Institute","2024"
"41577183","Transcriptomics reveals new therapeutic targets for ovarian cancer.","SLAS technology","2026"
"34530677","Cell-specific gene association network construction from single-cell RNA sequence.","Cell cycle (Georgetown, Tex.)","2021"
"36690614","MiXcan: a framework for cell-type-aware transcriptome-wide association studies with an application to breast cancer.","Nature communications","2023"
"28666851","Cold atmospheric plasma restores tamoxifen sensitivity in resistant MCF-7 breast cancer cell.","Free radical biology & medicine","2017"
"27934951","Biological marks of early-life socioeconomic experience is detected in the adult inflammatory transcriptome.","Scientific reports","2016"
"31667772","Quantitation of Molecular Pathway Activation Using RNA Sequencing Data.","Methods in molecular biology (Clifton, N.J.)","2020"
"26136424","H3K9 Trimethylation Silences Fas Expression To Confer Colon Carcinoma Immune Escape and 5-Fluorouracil Chemoresistance.","Journal of immunology (Baltimore, Md. : 1950)","2015"
"38697998","Using genome and transcriptome data from African-ancestry female participants to identify putative breast cancer susceptibility genes.","Nature communications","2024"
"20482849","NOTCH2 in breast cancer: association of SNP rs11249433 with gene expression in ER-positive breast tumors without TP53 mutations.","Molecular cancer","2010"
"39910817","Unraveling the genetic landscape of susceptibility to multiple primary cancers.","HGG advances","2025"
"20525369","Prediction of epigenetically regulated genes in breast cancer cell lines.","BMC bioinformatics","2010"
"25190105","Genome-wide identification and expression analysis of microRNA involved in small cell lung cancer via deep sequencing.","Molecular medicine reports","2014"
"40241087","Novel insight of critical genes involved in breast cancer brain metastasis: evidence from a cross-tissue transcriptome association study and validation through external clinical cohorts.","BMC cancer","2025"
"30958860","An expanded variant list and assembly annotation identifies multiple novel coding and noncoding genes for prostate cancer risk using a normal prostate tissue eQTL data set.","PloS one","2019"
"29808603","Transcriptome-wide association studies accounting for colocalization using Egger regression.","Genetic epidemiology","2018"
"38659038","Prioritization of therapeutic targets for cancers using integrative multi-omics analysis.","Human genomics","2024"
"30178254","DNA Methylation as a Biomarker of Aging in Epidemiologic Studies.","Methods in molecular biology (Clifton, N.J.)","2018"
"23796192","Esophageal squamous cell carcinoma (ESCC): advance in genomics and molecular genetics.","Diseases of the esophagus : official journal of the International Society for Diseases of the Esophagus","2015"
"38761291","Genome-wide investigation of lncRNAs revealed their tight association with gastric cancer.","Journal of cancer research and clinical oncology","2024"
"33717131","Comprehensive Integration of Genome-Wide Association and Gene Expression Studies Reveals Novel Gene Signatures and Potential Therapeutic Targets for Helicobacter pylori-Induced Gastric Disease.","Frontiers in immunology","2021"
"33909040","A cross-tissue transcriptome-wide association study identifies novel susceptibility genes for lung cancer in Chinese populations.","Human molecular genetics","2021"
"24400111","Recurrence of early stage colon cancer predicted by expression pattern of circulating microRNAs.","PloS one","2014"
"39799269","The role of mitophagy-related genes in prognosis and immunotherapy of cutaneous melanoma: a comprehensive analysis based on single-cell RNA sequencing and machine learning.","Immunologic research","2025"
"24448331","Adenomatous Polyposis Coli, mismatch repair, and microsatellite instability in colorectal cancer based on different locations.","Acta medica Indonesiana","2013"
"22294041","Identification of genes potentially involved in bone metastasis by genome-wide gene expression profile analysis of non-small cell lung cancer in mice.","International journal of oncology","2012"
"32493953","Genome-wide transcriptome profiling of ex-vivo precision-cut slices from human pancreatic ductal adenocarcinoma.","Scientific reports","2020"
"22559975","Identification of differentially expressed genes in gastric cancer by high density cDNA microarray.","Cancer genetics","2012"
"24820496","[A preliminary study on genome-wide expression profiling of laryngeal squamous cell carcinoma].","Zhonghua er bi yan hou tou jing wai ke za zhi = Chinese journal of otorhinolaryngology head and neck surgery","2014"
"39420005","Computational identification of surface markers for isolating distinct subpopulations from heterogeneous cancer cell populations.","NPJ systems biology and applications","2024"
"26743005","Effects on the transcriptome upon deletion of a distal element cannot be predicted by the size of the H3K27Ac peak in human cells.","Nucleic acids research","2016"
"40806320","Single-Cell Dissection of the Serrated Pathway: Cellular Heterogeneity and Genetic Causality in Colorectal Cancer.","International journal of molecular sciences","2025"
"32616754","Systems biology comprehensive analysis on breast cancer for identification of key gene modules and genes associated with TNM-based clinical stages.","Scientific reports","2020"
"32902196","Develop a circular RNA-related regulatory network associated with prognosis of gastric cancer.","Cancer medicine","2020"
"23870182","Bridging the clinical gaps: genetic, epigenetic and transcriptomic biomarkers for the early detection of lung cancer in the post-National Lung Screening Trial era.","BMC medicine","2013"
"38845201","Transcriptome-wide association analysis identifies candidate susceptibility genes for prostate-specific antigen levels in men without prostate cancer.","HGG advances","2024"
"23302999","Hypermethylation of TUSC5 genes in breast cancer tissue.","Experimental oncology","2012"
"38733992","A multi-tissue, splicing-based joint transcriptome-wide association study identifies susceptibility genes for breast cancer.","American journal of human genetics","2024"
"39729479","The combined use of scRNA-seq and network propagation highlights key features of pan-cancer Tumor-Infiltrating T cells.","PloS one","2024"
"21132402","Upregulated INHBA expression is associated with poor survival in gastric cancer.","Medical oncology (Northwood, London, England)","2012"
"21493669","Estrogen receptor β induces antiinflammatory and antitumorigenic networks in colon cancer cells.","Molecular endocrinology (Baltimore, Md.)","2011"
"30289875","Identification of Key Genes and Pathways Associated with RUNX1 Mutations in Acute Myeloid Leukemia Using Bioinformatics Analysis.","Medical science monitor : international medical journal of experimental and clinical research","2018"
"33077837","Finding disease modules for cancer and COVID-19 in gene co-expression networks with the Core&Peel method.","Scientific reports","2020"
"25411184","Gene expression profiling of circulating tumor cells in breast cancer.","Clinical chemistry","2015"
"27034531","Network Biomarkers of Bladder Cancer Based on a Genome-Wide Genetic and Epigenetic Network Derived from Next-Generation Sequencing Data.","Disease markers","2016"
"41539304","Epigenomic, transcriptomic, and proteomic characterization of breast cancer cell line reference samples.","Cell reports methods","2026"
"26845346","MicroRNA transcriptome profiling of mice brains infected with Japanese encephalitis virus by RNA sequencing.","Infection, genetics and evolution : journal of molecular epidemiology and evolutionary genetics in infectious diseases","2016"
"24793120","Differences in DNA methylation signatures reveal multiple pathways of progression from adenoma to colorectal cancer.","Gastroenterology","2014"
"41713536","Integration of TWAS with single-cell and spatial transcriptomics identifies TLR1 as a susceptibility gene and therapeutic target in the breast cancer tumor microenvironment.","International journal of biological macromolecules","2026"
"28647608","A route-based pathway analysis framework integrating mutation information and gene expression data.","Methods (San Diego, Calif.)","2017"
"20218734","Search for cancer risk factors with microarray-based genome-wide association studies.","Technology in cancer research & treatment","2010"
"22941191","Common variation at 6q16 within HACE1 and LIN28B influences susceptibility to neuroblastoma.","Nature genetics","2012"
"22129094","Characterization of an Opa interacting protein 5 involved in lung and esophageal carcinogenesis.","Cancer science","2012"
"26408534","Low-dose radiation affects cardiac physiology: gene networks and molecular signaling in cardiomyocytes.","American journal of physiology. Heart and circulatory physiology","2015"
"24077665","Tissue-specific isoform switch and DNA hypomethylation of the pyruvate kinase PKM gene in human cancers.","Oncotarget","2014"
"22445993","[Application of genome-wide microarray for screening genes related to peritoneal metastasis of colorectal cancer].","Nan fang yi ke da xue xue bao = Journal of Southern Medical University","2012"
"24807215","Integrated exome and transcriptome sequencing reveals ZAK isoform usage in gastric cancer.","Nature communications","2014"
"29936137","A Systems-Level Analysis Reveals Circadian Regulation of Splicing in Colorectal Cancer.","EBioMedicine","2018"
"25579546","Bioinformatics analysis of aggressive behavior of breast cancer via an integrated gene regulatory network.","Journal of cancer research and therapeutics","2014"
"21347779","Molecular profiling of colon tumors: the search for clinically relevant biomarkers of progression, prognosis, therapeutics, and predisposition.","Annals of surgical oncology","2011"
"23695551","Lineage relationship of Gleason patterns in Gleason score 7 prostate cancer.","Cancer research","2013"
"28472340","MiSTIC, an integrated platform for the analysis of heterogeneity in large tumour transcriptome datasets.","Nucleic acids research","2017"
"24739237","Integrative analyses of genetic variation, epigenetic regulation, and the transcriptome to elucidate the biology of platinum sensitivity.","BMC genomics","2014"
"32869528","Genome-wide DNA methylation analysis by MethylRad and the transcriptome profiles reveal the potential cancer-related lncRNAs in colon cancer.","Cancer medicine","2020"
"24233782","Determining the effect of DNA methylation on gene expression in cancer cells.","Methods in molecular biology (Clifton, N.J.)","2014"
"26829059","Identification of a new locus and validation of previously reported loci showing differential methylation associated with smoking. The REGICOR study.","Epigenetics","2015"
"23603922","Prostate cancer research in China.","Asian journal of andrology","2013"
"34019289","Genome-Wide Analysis of c-MYC-Regulated mRNAs and miRNAs and c-MYC DNA-Binding by Next-Generation Sequencing.","Methods in molecular biology (Clifton, N.J.)","2021"
"27842508","Global DNA methylation profiling uncovers distinct methylation patterns of protocadherin alpha4 in metastatic and non-metastatic rhabdomyosarcoma.","BMC cancer","2016"
"24886783","Systematic pathway enrichment analysis of a genome-wide association study on breast cancer survival reveals an influence of genes involved in cell adhesion and calcium signaling on the patients' clinical outcome.","PloS one","2014"
"33196801","NONCODEV6: an updated database dedicated to long non-coding RNA annotation in both animals and plants.","Nucleic acids research","2021"
"28742165","System analysis identifies distinct and common functional networks governed by transcription factor ASCL1, in glioma and small cell lung cancer.","Molecular bioSystems","2017"
"27094684","Genome-wide profiles of methylation, microRNAs, and gene expression in chemoresistant breast cancer.","Scientific reports","2016"
"28152060","Expression Quantitative Trait loci (QTL) in tumor adjacent normal breast tissue and breast tumor tissue.","PloS one","2017"
"40775447","Isoform-level analyses of 6 cancers uncover extensive genetic risk mechanisms undetected at the gene-level.","British journal of cancer","2025"
"22363440","cis-Expression QTL analysis of established colorectal cancer risk variants in colon tumors and adjacent normal tissue.","PloS one","2012"
